id,parent_id/id,name
gov_account_analytic_group_1,,Ingresos
gov_account_analytic_group_2,,Gastos
gov_account_analytic_group_3,,Fuentes financieras
gov_account_analytic_group_4,,Aplicaciones financieras
gov_account_analytic_group_1.1,gov_account_analytic_group_1,Impuestos
gov_account_analytic_group_1.2,gov_account_analytic_group_1,Contribuciones sociales
gov_account_analytic_group_1.3,gov_account_analytic_group_1,Donaciones
gov_account_analytic_group_1.4,gov_account_analytic_group_1,Transferencias
gov_account_analytic_group_1.5,gov_account_analytic_group_1,Ingresos por contraprestación
gov_account_analytic_group_1.6,gov_account_analytic_group_1,Otros ingresos
gov_account_analytic_group_1.7,gov_account_analytic_group_1,Venta de activos no financieros
gov_account_analytic_group_1.8,gov_account_analytic_group_1,Activos financieros (con fines de política)
gov_account_analytic_group_1.9,gov_account_analytic_group_1,Ingresos a especificar
gov_account_analytic_group_2.1,gov_account_analytic_group_2,Remuneraciones y contribuciones
gov_account_analytic_group_2.2,gov_account_analytic_group_2,Contratación de servicios
gov_account_analytic_group_2.3,gov_account_analytic_group_2,Materiales y suministros
gov_account_analytic_group_2.4,gov_account_analytic_group_2,Transferencias corrientes
gov_account_analytic_group_2.5,gov_account_analytic_group_2,Transferencias de capital
gov_account_analytic_group_2.6,gov_account_analytic_group_2,"Bienes muebles, inmuebles e intangibles"
gov_account_analytic_group_2.7,gov_account_analytic_group_2,Obras
gov_account_analytic_group_2.8,gov_account_analytic_group_2,Adquisicion de activos financieros con fines de política
gov_account_analytic_group_2.9,gov_account_analytic_group_2,Gastos financieros
gov_account_analytic_group_3.1,gov_account_analytic_group_3,Disminución de activos financieros
gov_account_analytic_group_3.2,gov_account_analytic_group_3,Incremento de pasivos
gov_account_analytic_group_3.3,gov_account_analytic_group_3,Incremento de fondos de terceros
gov_account_analytic_group_3.4,gov_account_analytic_group_3,Incremento del patrimonio
gov_account_analytic_group_3.5,gov_account_analytic_group_3,Importes a devengar por primas en colocaciones de títulos valores
gov_account_analytic_group_4.1,gov_account_analytic_group_4,Incremento de activos financieros
gov_account_analytic_group_4.2,gov_account_analytic_group_4,Disminución de pasivos
gov_account_analytic_group_4.3,gov_account_analytic_group_4,Disminución de fondos de terceros
gov_account_analytic_group_4.4,gov_account_analytic_group_4,Disminución del patrimonio institucional
gov_account_analytic_group_4.5,gov_account_analytic_group_4,Importes a devengar por descuentos en colocaciones de títulos valores
gov_account_analytic_group_4.6,gov_account_analytic_group_4,Primas  en recompra de títulos y valores
gov_account_analytic_group_1.1.1,gov_account_analytic_group_1.1,Impuestos sobre los ingresos
gov_account_analytic_group_1.1.2,gov_account_analytic_group_1.1,Impuestos sobre la nómina y la fuerza de trabajo
gov_account_analytic_group_1.1.3,gov_account_analytic_group_1.1,Impuestos sobre la propiedad
gov_account_analytic_group_1.1.4,gov_account_analytic_group_1.1,Impuestos internos sobre mercancías y servicios
gov_account_analytic_group_1.1.5,gov_account_analytic_group_1.1,Impuestos sobre el comercio y las transacciones comercio exterior
gov_account_analytic_group_1.1.6,gov_account_analytic_group_1.1,Impuestos ecológicos
gov_account_analytic_group_1.1.9,gov_account_analytic_group_1.1,Impuestos diversos
gov_account_analytic_group_1.2.1,gov_account_analytic_group_1.2,Seguro de salud y riesgo laboral
gov_account_analytic_group_1.2.2,gov_account_analytic_group_1.2,Seguro de pensiones
gov_account_analytic_group_1.2.3,gov_account_analytic_group_1.2,Contribuciones varias
gov_account_analytic_group_1.3.1,gov_account_analytic_group_1.3,Donaciones corrientes
gov_account_analytic_group_1.3.2,gov_account_analytic_group_1.3,Donaciones de capital
gov_account_analytic_group_1.4.1,gov_account_analytic_group_1.4,Transferencias corrientes
gov_account_analytic_group_1.4.2,gov_account_analytic_group_1.4,Transferencias de capital
gov_account_analytic_group_1.5.1,gov_account_analytic_group_1.5,Ventas de bienes y servicios
gov_account_analytic_group_1.5.2,gov_account_analytic_group_1.5,Ingresos de explotación
gov_account_analytic_group_1.6.1,gov_account_analytic_group_1.6,Rentas de la propiedad
gov_account_analytic_group_1.6.2,gov_account_analytic_group_1.6,Subvenciones
gov_account_analytic_group_1.6.3,gov_account_analytic_group_1.6,Multas y sanciones
gov_account_analytic_group_1.6.4,gov_account_analytic_group_1.6,Ingresos diversos
gov_account_analytic_group_1.7.1,gov_account_analytic_group_1.7,Venta de  activos fijos
gov_account_analytic_group_1.7.2,gov_account_analytic_group_1.7,Venta de activos intangibles
gov_account_analytic_group_1.7.3,gov_account_analytic_group_1.7,Venta de objetos de valor
gov_account_analytic_group_1.7.4,gov_account_analytic_group_1.7,Venta de terrenos
gov_account_analytic_group_1.8.1,gov_account_analytic_group_1.8,Recuperación de préstamos internos
gov_account_analytic_group_1.8.2,gov_account_analytic_group_1.8,Venta de acciones y participaciones de capital adquiridas con fines de política
gov_account_analytic_group_1.9.1,gov_account_analytic_group_1.9,Ingresos a especificar dirección general imps. internos
gov_account_analytic_group_1.9.2,gov_account_analytic_group_1.9,Ingresos a especificar dirección general de aduanas
gov_account_analytic_group_1.9.3,gov_account_analytic_group_1.9,Ingresos a especificar tesorería nacional
gov_account_analytic_group_2.1.1,gov_account_analytic_group_2.1,Remuneraciones
gov_account_analytic_group_2.1.2,gov_account_analytic_group_2.1,Sobresueldos
gov_account_analytic_group_2.1.3,gov_account_analytic_group_2.1,Dietas y gastos de representación
gov_account_analytic_group_2.1.4,gov_account_analytic_group_2.1,Gratificaciones y bonificaciones
gov_account_analytic_group_2.1.5,gov_account_analytic_group_2.1,Contribuciones a la seguridad social
gov_account_analytic_group_2.2.1,gov_account_analytic_group_2.2,Servicios básicos
gov_account_analytic_group_2.2.2,gov_account_analytic_group_2.2,"Publicidad, impresión y encuadernación"
gov_account_analytic_group_2.2.3,gov_account_analytic_group_2.2,Viáticos
gov_account_analytic_group_2.2.4,gov_account_analytic_group_2.2,Transporte y almacenaje
gov_account_analytic_group_2.2.5,gov_account_analytic_group_2.2,Alquileres y rentas
gov_account_analytic_group_2.2.6,gov_account_analytic_group_2.2,Seguros
gov_account_analytic_group_2.2.7,gov_account_analytic_group_2.2,"Servicios de conservación, reparaciones menores e instalaciones temporales"
gov_account_analytic_group_2.2.8,gov_account_analytic_group_2.2,Otros servicios no incluidos en conceptos anteriores
gov_account_analytic_group_2.2.9,gov_account_analytic_group_2.2,Otras contrataciones de servicios
gov_account_analytic_group_2.3.1,gov_account_analytic_group_2.3,Alimentos y productos agroforestales
gov_account_analytic_group_2.3.2,gov_account_analytic_group_2.3,Textiles y vestuarios
gov_account_analytic_group_2.3.3,gov_account_analytic_group_2.3,"Papel, cartón e impresos"
gov_account_analytic_group_2.3.4,gov_account_analytic_group_2.3,Productos farmacéuticos
gov_account_analytic_group_2.3.5,gov_account_analytic_group_2.3,"Cuero, caucho y plástico"
gov_account_analytic_group_2.3.6,gov_account_analytic_group_2.3,"Productos de minerales, metálicos y no metálicos"
gov_account_analytic_group_2.3.7,gov_account_analytic_group_2.3,"Combustibles, lubricantes, productos químicos y conexos"
gov_account_analytic_group_2.3.8,gov_account_analytic_group_2.3,Gastos que se asignarán durante el ejercicio (art. 32 y 33 ley 423-06)
gov_account_analytic_group_2.3.9,gov_account_analytic_group_2.3,Productos y útiles varios
gov_account_analytic_group_2.4.1,gov_account_analytic_group_2.4,Transferencias corrientes al sector privado
gov_account_analytic_group_2.4.2,gov_account_analytic_group_2.4,Transferencias corrientes al  gobierno general nacional
gov_account_analytic_group_2.4.3,gov_account_analytic_group_2.4,Transferencias corrientes a gobiernos generales locales
gov_account_analytic_group_2.4.4,gov_account_analytic_group_2.4,Transferencias corrientes a empresas públicas no financieras
gov_account_analytic_group_2.4.5,gov_account_analytic_group_2.4,Transferencias corrientes a instituciones públicas financieras
gov_account_analytic_group_2.4.6,gov_account_analytic_group_2.4,Subvenciones
gov_account_analytic_group_2.4.7,gov_account_analytic_group_2.4,Transferencias corrientes al sector externo
gov_account_analytic_group_2.4.9,gov_account_analytic_group_2.4,Transferencias corrientes a otras instituciones públicas
gov_account_analytic_group_2.5.1,gov_account_analytic_group_2.5,Transferencias de capital al sector privado
gov_account_analytic_group_2.5.2,gov_account_analytic_group_2.5,Transferencias de capital al gobierno general  nacional
gov_account_analytic_group_2.5.3,gov_account_analytic_group_2.5,Transferencias de capital a gobiernos generales locales
gov_account_analytic_group_2.5.4,gov_account_analytic_group_2.5,Transferencias de capital  a empresas públicas no financieras
gov_account_analytic_group_2.5.5,gov_account_analytic_group_2.5,Transferencias de capital a instituciones públicas financieras
gov_account_analytic_group_2.5.6,gov_account_analytic_group_2.5,Transferencias de capital al sector externo
gov_account_analytic_group_2.5.9,gov_account_analytic_group_2.5,Transferencias de capital a otras instituciones públicas
gov_account_analytic_group_2.6.1,gov_account_analytic_group_2.6,Mobiliario y equipo
gov_account_analytic_group_2.6.2,gov_account_analytic_group_2.6,"Mobiliario y equipo de audio, audiovisual, recreativo y educacional"
gov_account_analytic_group_2.6.3,gov_account_analytic_group_2.6,"Equipo e instrumental, científico y laboratorio"
gov_account_analytic_group_2.6.4,gov_account_analytic_group_2.6,"Vehículos y equipo de transporte, tracción y elevación"
gov_account_analytic_group_2.6.5,gov_account_analytic_group_2.6,"Maquinaria, otros equipos y herramientas"
gov_account_analytic_group_2.6.6,gov_account_analytic_group_2.6,Equipos de defensa y seguridad
gov_account_analytic_group_2.6.7,gov_account_analytic_group_2.6,Activos biológicos
gov_account_analytic_group_2.6.8,gov_account_analytic_group_2.6,Bienes intangibles
gov_account_analytic_group_2.6.9,gov_account_analytic_group_2.6,"Edificios, estructuras, tierras, terrenos y objetos de valor"
gov_account_analytic_group_2.7.1,gov_account_analytic_group_2.7,Obras en edificaciones
gov_account_analytic_group_2.7.2,gov_account_analytic_group_2.7,Infraestructura
gov_account_analytic_group_2.7.3,gov_account_analytic_group_2.7,Construcciones en bienes concesionados
gov_account_analytic_group_2.7.4,gov_account_analytic_group_2.7,Gastos que se asignarán durante el ejercicio para inversión (art. 32 y 33 ley 423-06)
gov_account_analytic_group_2.8.1,gov_account_analytic_group_2.8,Concesión de prestamos
gov_account_analytic_group_2.8.2,gov_account_analytic_group_2.8,Adquisición de títulos valores representativos de deuda
gov_account_analytic_group_2.8.3,gov_account_analytic_group_2.8,Compra de acciones y participaciones de capital
gov_account_analytic_group_2.8.4,gov_account_analytic_group_2.8,Obligaciones negociales
gov_account_analytic_group_2.8.5,gov_account_analytic_group_2.8,Aportes de capital al sector público
gov_account_analytic_group_2.9.1,gov_account_analytic_group_2.9,Intereses de la deuda pública interna
gov_account_analytic_group_2.9.2,gov_account_analytic_group_2.9,Intereses de la deuda publica externa
gov_account_analytic_group_2.9.3,gov_account_analytic_group_2.9,Intereses de la deuda comercial
gov_account_analytic_group_2.9.4,gov_account_analytic_group_2.9,Comisiones y otros gastos bancarios de la deuda pública
gov_account_analytic_group_2.9.5,gov_account_analytic_group_2.9,"Gastos de intereses, recargos multas y sanciones de impuestos y contribuciones sociales"
gov_account_analytic_group_3.1.1,gov_account_analytic_group_3.1,Disminución de activos financieros corrientes
gov_account_analytic_group_3.1.2,gov_account_analytic_group_3.1,Disminución de activos financieros no corrientes
gov_account_analytic_group_3.2.1,gov_account_analytic_group_3.2,Incremento de pasivos corrientes
gov_account_analytic_group_3.2.2,gov_account_analytic_group_3.2,Incremento de pasivos no corrientes
gov_account_analytic_group_3.3.1,gov_account_analytic_group_3.3,Misceláneos varias leyes
gov_account_analytic_group_3.3.2,gov_account_analytic_group_3.3,Fianzas industriales para la fabricación de fósforos
gov_account_analytic_group_3.3.3,gov_account_analytic_group_3.3,Fianzas judiciales y depósitos en consignación
gov_account_analytic_group_3.3.4,gov_account_analytic_group_3.3,Fianzas diversas
gov_account_analytic_group_3.3.5,gov_account_analytic_group_3.3,Depósitos en exceso
gov_account_analytic_group_3.3.6,gov_account_analytic_group_3.3,Depósitos fondos de terceros
gov_account_analytic_group_3.3.7,gov_account_analytic_group_3.3,Contribución especial para la gestión integral de residuos
gov_account_analytic_group_3.4.1,gov_account_analytic_group_3.4,Incremento del patrimonio
gov_account_analytic_group_3.5.1,gov_account_analytic_group_3.5,Primas por colocación de títulos valores internos y externos de corto plazo
gov_account_analytic_group_3.5.2,gov_account_analytic_group_3.5,Primas por colocación de títulos valores internos y externos de largo plazo
gov_account_analytic_group_3.5.3,gov_account_analytic_group_3.5,Intereses corridos internos y externos de corto plazo
gov_account_analytic_group_3.5.4,gov_account_analytic_group_3.5,Intereses corridos internos y externos de largo plazo
gov_account_analytic_group_4.1.1,gov_account_analytic_group_4.1,Incremento de activos financieros corrientes
gov_account_analytic_group_4.1.2,gov_account_analytic_group_4.1,Incremento de activos financieros no corrientes
gov_account_analytic_group_4.2.1,gov_account_analytic_group_4.2,Disminución de pasivos corrientes
gov_account_analytic_group_4.2.2,gov_account_analytic_group_4.2,Disminución de pasivos no corrientes
gov_account_analytic_group_4.3.1,gov_account_analytic_group_4.3,Miscelaneos varias leyes
gov_account_analytic_group_4.3.2,gov_account_analytic_group_4.3,Fianzas industriales para la fabricación de fósforos
gov_account_analytic_group_4.3.3,gov_account_analytic_group_4.3,Fianzas judiciales y depósitos en consignación
gov_account_analytic_group_4.3.4,gov_account_analytic_group_4.3,Fianzas diversas
gov_account_analytic_group_4.3.5,gov_account_analytic_group_4.3,Disminución depósitos fondos de terceros
gov_account_analytic_group_4.3.6,gov_account_analytic_group_4.3,Contribución especial para la gestión integral de residuos
gov_account_analytic_group_4.4.1,gov_account_analytic_group_4.4,Disminución del patrimonio institucional
gov_account_analytic_group_4.5.1,gov_account_analytic_group_4.5,Descuentos por colocación de títulos valores internos y externo de corto plazo
gov_account_analytic_group_4.5.2,gov_account_analytic_group_4.5,Descuentos por colocación de títulos valores internos y externo de largo plazo
gov_account_analytic_group_4.5.3,gov_account_analytic_group_4.5,Intereses corridos internos y externos en compra de títulos valores de corto plazo
gov_account_analytic_group_4.5.4,gov_account_analytic_group_4.5,Intereses corridos internos y externos en compra de títulos valores de largo plazo
gov_account_analytic_group_4.6.1,gov_account_analytic_group_4.6,Primas en recompra de títulos y valores de corto plazo
gov_account_analytic_group_4.6.2,gov_account_analytic_group_4.6,Primas en recompra de títulos valores de largo plazo
gov_account_analytic_group_1.1.1.1,gov_account_analytic_group_1.1.1,Impuestos sobre los ingresos de personas físicas
gov_account_analytic_group_1.1.1.2,gov_account_analytic_group_1.1.1,Impuestos sobre los ingresos a empresas y otras corporaciones
gov_account_analytic_group_1.1.1.3,gov_account_analytic_group_1.1.1,Impuestos sobre  los ingresos aplicados sin distinción de persona
gov_account_analytic_group_1.1.1.4,gov_account_analytic_group_1.1.1,Accesorios sobre los impuestos a los ingresos
gov_account_analytic_group_1.1.2.1,gov_account_analytic_group_1.1.2,Impuestos sobre la nómina y la fuerza de trabajo
gov_account_analytic_group_1.1.3.1,gov_account_analytic_group_1.1.3,Impuestos sobre la propiedad y transacciones financieras y de capital
gov_account_analytic_group_1.1.3.2,gov_account_analytic_group_1.1.3,Accesorios sobre los impuestos sobre la propiedad
gov_account_analytic_group_1.1.4.1,gov_account_analytic_group_1.1.4,Impuestos sobre los bienes y servicios
gov_account_analytic_group_1.1.4.2,gov_account_analytic_group_1.1.4,Impuestos adicionales y selectivos sobre bienes y servicios
gov_account_analytic_group_1.1.4.3,gov_account_analytic_group_1.1.4,Impuestos al uso de bienes y servicios
gov_account_analytic_group_1.1.4.4,gov_account_analytic_group_1.1.4,Accesorios sobre impuestos internos a mercancías y servicios
gov_account_analytic_group_1.1.5.1,gov_account_analytic_group_1.1.5,Impuestos sobre las importaciones
gov_account_analytic_group_1.1.5.2,gov_account_analytic_group_1.1.5,Impuestos sobre las exportaciones
gov_account_analytic_group_1.1.5.3,gov_account_analytic_group_1.1.5,Otros impuestos sobre el comercio exterior
gov_account_analytic_group_1.1.5.4,gov_account_analytic_group_1.1.5,Accesorios de impuestos sobre el comercio exterior
gov_account_analytic_group_1.1.6.1,gov_account_analytic_group_1.1.6,Impuestos ecológicos
gov_account_analytic_group_1.1.6.2,gov_account_analytic_group_1.1.6,Accesorios de impuestos ecológicos
gov_account_analytic_group_1.1.9.1,gov_account_analytic_group_1.1.9,Impuestos diversos
gov_account_analytic_group_1.1.9.2,gov_account_analytic_group_1.1.9,Accesorios de impuestos diversos
gov_account_analytic_group_1.2.1.1,gov_account_analytic_group_1.2.1,Contribución patronal
gov_account_analytic_group_1.2.1.2,gov_account_analytic_group_1.2.1,Contribución de empleados
gov_account_analytic_group_1.2.2.1,gov_account_analytic_group_1.2.2,Contribución patronal
gov_account_analytic_group_1.2.2.2,gov_account_analytic_group_1.2.2,Contribución de empleados
gov_account_analytic_group_1.2.3.1,gov_account_analytic_group_1.2.3,Contribuciones varias
gov_account_analytic_group_1.3.1.1,gov_account_analytic_group_1.3.1,Donaciones corrientes de gobiernos extranjeros
gov_account_analytic_group_1.3.1.2,gov_account_analytic_group_1.3.1,Donaciones corrientes de organismos internacionales
gov_account_analytic_group_1.3.1.3,gov_account_analytic_group_1.3.1,Donaciones corrientes del sector privado externo
gov_account_analytic_group_1.3.1.4,gov_account_analytic_group_1.3.1,Donaciones corrientes del sector privado interno
gov_account_analytic_group_1.3.2.1,gov_account_analytic_group_1.3.2,Donaciones de capital de gobiernos extranjeros
gov_account_analytic_group_1.3.2.2,gov_account_analytic_group_1.3.2,Donaciones de capital de organismos internacionales
gov_account_analytic_group_1.3.2.3,gov_account_analytic_group_1.3.2,Donaciones de capital del sector privado externo
gov_account_analytic_group_1.4.1.1,gov_account_analytic_group_1.4.1,Transferencias corrientes del sector privado interno
gov_account_analytic_group_1.4.1.2,gov_account_analytic_group_1.4.1,Transferencias/aportaciones corrientes recibidas del gobierno central
gov_account_analytic_group_1.4.1.3,gov_account_analytic_group_1.4.1,Transferencias corrientes recibidas de instituciones públicas descentralizadas y autónomas no financieras.
gov_account_analytic_group_1.4.1.4,gov_account_analytic_group_1.4.1,Transferencias corrientes recibidas de instituciones públicas de la seguridad social
gov_account_analytic_group_1.4.1.5,gov_account_analytic_group_1.4.1,Transferencias corrientes recibidas por los ayuntamientos
gov_account_analytic_group_1.4.1.6,gov_account_analytic_group_1.4.1,Transferencias corrientes recibidas de los gobiernos centrales municipales
gov_account_analytic_group_1.4.1.7,gov_account_analytic_group_1.4.1,Transferencias corrientes recibidas de instituciones descentralizadas  municipales
gov_account_analytic_group_1.4.1.8,gov_account_analytic_group_1.4.1,Transferencias corrientes recibidas de empresas publicas no financieras
gov_account_analytic_group_1.4.1.9,gov_account_analytic_group_1.4.1,Transferencias corrientes recibidas de instituciones publicas financieras
gov_account_analytic_group_1.4.2.1,gov_account_analytic_group_1.4.2,Transferencias de capital del sector privado interno
gov_account_analytic_group_1.4.2.2,gov_account_analytic_group_1.4.2,Transferencias/aportaciones de capital recibidas por el gobierno central
gov_account_analytic_group_1.4.2.3,gov_account_analytic_group_1.4.2,Transferencias de capital recibidas de instituciones públicas descentralizadas y autónomas no financieras
gov_account_analytic_group_1.4.2.4,gov_account_analytic_group_1.4.2,Transferencias de capital recibidas de instituciones públicas de la seguridad social
gov_account_analytic_group_1.4.2.5,gov_account_analytic_group_1.4.2,Transferencias de capital recibidas por los ayuntamientos
gov_account_analytic_group_1.4.2.6,gov_account_analytic_group_1.4.2,Transferencias de capital recibidas de los gobiernos centrales municipales
gov_account_analytic_group_1.4.2.7,gov_account_analytic_group_1.4.2,Transferencias de capital recibidas de instituciones descentralizadas municipales
gov_account_analytic_group_1.4.2.8,gov_account_analytic_group_1.4.2,Transferencias de capital recibidas de empresas públicas no financieras
gov_account_analytic_group_1.4.2.9,gov_account_analytic_group_1.4.2,Transferencias de capital recibidas de instituciones públicas financieras
gov_account_analytic_group_1.5.1.1,gov_account_analytic_group_1.5.1,Ventas de mercancías del estado
gov_account_analytic_group_1.5.1.2,gov_account_analytic_group_1.5.1,Ventas servicios del estado
gov_account_analytic_group_1.5.1.3,gov_account_analytic_group_1.5.1,Tasas
gov_account_analytic_group_1.5.1.4,gov_account_analytic_group_1.5.1,Derechos administrativos
gov_account_analytic_group_1.5.1.5,gov_account_analytic_group_1.5.1,Arrendamientos
gov_account_analytic_group_1.5.1.6,gov_account_analytic_group_1.5.1,Accesorios sobre derechos administrativos
gov_account_analytic_group_1.5.2.1,gov_account_analytic_group_1.5.2,Ventas de bienes por establecimiento de mercado
gov_account_analytic_group_1.5.2.2,gov_account_analytic_group_1.5.2,Ventas de servicios por establecimiento de mercado
gov_account_analytic_group_1.5.2.3,gov_account_analytic_group_1.5.2,Accesorios sobre las ventas de bienes por establecimiento de mercado
gov_account_analytic_group_1.5.2.4,gov_account_analytic_group_1.5.2,Accesorios sobre las ventas de servicios por establecimiento de mercado
gov_account_analytic_group_1.6.1.1,gov_account_analytic_group_1.6.1,Dividendos por inversiones empresariales
gov_account_analytic_group_1.6.1.2,gov_account_analytic_group_1.6.1,Intereses
gov_account_analytic_group_1.6.1.3,gov_account_analytic_group_1.6.1,Arriendo de activos tangibles no producidos
gov_account_analytic_group_1.6.1.4,gov_account_analytic_group_1.6.1,Concesiones
gov_account_analytic_group_1.6.1.5,gov_account_analytic_group_1.6.1,Accesorios de arriendo de activos tangibles no producidos
gov_account_analytic_group_1.6.1.6,gov_account_analytic_group_1.6.1,Ingresos por tenencias de  activos financieros
gov_account_analytic_group_1.6.2.1,gov_account_analytic_group_1.6.2,Subvenciones recibidas
gov_account_analytic_group_1.6.3.1,gov_account_analytic_group_1.6.3,Multas y sanciones
gov_account_analytic_group_1.6.4.1,gov_account_analytic_group_1.6.4,Ingresos diversos
gov_account_analytic_group_1.7.1.1,gov_account_analytic_group_1.7.1,Venta de edificios
gov_account_analytic_group_1.7.1.2,gov_account_analytic_group_1.7.1,Ventas de mobiliario y equipo
gov_account_analytic_group_1.7.1.3,gov_account_analytic_group_1.7.1,Ventas de mobiliario y equipo educacional y recreativo
gov_account_analytic_group_1.7.1.4,gov_account_analytic_group_1.7.1,"Ventas de vehículos y equipo de transporte, tracción y elevación"
gov_account_analytic_group_1.7.1.5,gov_account_analytic_group_1.7.1,"Ventas de maquinaria, otros equipos y herramientas"
gov_account_analytic_group_1.7.1.6,gov_account_analytic_group_1.7.1,"Ventas de equipo e instrumental, científico y laboratorio"
gov_account_analytic_group_1.7.1.7,gov_account_analytic_group_1.7.1,Ventas de activos biológicos
gov_account_analytic_group_1.7.1.8,gov_account_analytic_group_1.7.1,Ventas de equipos de defensa y seguridad
gov_account_analytic_group_1.7.2.1,gov_account_analytic_group_1.7.2,Programas de informática y base de datos
gov_account_analytic_group_1.7.2.2,gov_account_analytic_group_1.7.2,Derechos sobre bienes intangibles
gov_account_analytic_group_1.7.2.3,gov_account_analytic_group_1.7.2,Marcas y patentes
gov_account_analytic_group_1.7.2.4,gov_account_analytic_group_1.7.2,Concesiones
gov_account_analytic_group_1.7.2.5,gov_account_analytic_group_1.7.2,"Licencias informáticas e intelectuales, industriales y comerciales"
gov_account_analytic_group_1.7.2.6,gov_account_analytic_group_1.7.2,Otros activos intangibles
gov_account_analytic_group_1.7.3.1,gov_account_analytic_group_1.7.3,Metales y piedras preciosas
gov_account_analytic_group_1.7.3.2,gov_account_analytic_group_1.7.3,"Antigüedades, bienes artísticos y otros objetos de arte"
gov_account_analytic_group_1.7.3.9,gov_account_analytic_group_1.7.3,Otros objetos de valor
gov_account_analytic_group_1.7.4.1,gov_account_analytic_group_1.7.4,Ventas de terrenos rurales
gov_account_analytic_group_1.7.4.2,gov_account_analytic_group_1.7.4,Ventas de terrenos urbanos
gov_account_analytic_group_1.7.4.3,gov_account_analytic_group_1.7.4,Ventas de terrenos en cementerios
gov_account_analytic_group_1.8.1.1,gov_account_analytic_group_1.8.1,Recuperación de préstamos de corto plazo del sector privado
gov_account_analytic_group_1.8.1.2,gov_account_analytic_group_1.8.1,Recuperación de préstamos de corto plazo del sector público
gov_account_analytic_group_1.8.1.3,gov_account_analytic_group_1.8.1,Recuperación de préstamos de largo plazo del sector privado
gov_account_analytic_group_1.8.1.4,gov_account_analytic_group_1.8.1,Recuperación de préstamos de largo plazo del sector público
gov_account_analytic_group_1.8.2.1,gov_account_analytic_group_1.8.2,Venta de acciones y participaciones de capital de empresas públicas no financieras
gov_account_analytic_group_1.8.2.2,gov_account_analytic_group_1.8.2,Venta de acciones y participaciones de capital de instituciones financieras
gov_account_analytic_group_1.8.2.3,gov_account_analytic_group_1.8.2,Venta de acciones y participaciones de capital de empresas privadas
gov_account_analytic_group_1.8.2.4,gov_account_analytic_group_1.8.2,Venta de acciones y participaciones de capital de organismos e instituciones internacionales
gov_account_analytic_group_1.8.2.5,gov_account_analytic_group_1.8.2,Venta de valores representativos de deuda adquiridos con fines de política
gov_account_analytic_group_1.8.2.6,gov_account_analytic_group_1.8.2,Venta de obligaciones negociables adquiridas con fines de política
gov_account_analytic_group_1.9.1.1,gov_account_analytic_group_1.9.1,Ingresos a especificar dirección general imps. internos
gov_account_analytic_group_1.9.2.1,gov_account_analytic_group_1.9.2,Ingresos a especificar dirección general de aduanas
gov_account_analytic_group_1.9.3.1,gov_account_analytic_group_1.9.3,Ingresos a especificar tesorería nacional
gov_account_analytic_group_2.1.1.1,gov_account_analytic_group_2.1.1,Remuneraciones al personal fijo
gov_account_analytic_group_2.1.1.2,gov_account_analytic_group_2.1.1,Remuneraciones al personal de carácter temporal
gov_account_analytic_group_2.1.1.3,gov_account_analytic_group_2.1.1,Sueldos al personal fijo en trámite de pensiones
gov_account_analytic_group_2.1.1.4,gov_account_analytic_group_2.1.1,Sueldo anual no.13
gov_account_analytic_group_2.1.1.5,gov_account_analytic_group_2.1.1,Prestaciones económicas
gov_account_analytic_group_2.1.1.6,gov_account_analytic_group_2.1.1,Vacaciones
gov_account_analytic_group_2.1.2.1,gov_account_analytic_group_2.1.2,Primas por antigüedad
gov_account_analytic_group_2.1.2.2,gov_account_analytic_group_2.1.2,Compensación
gov_account_analytic_group_2.1.2.3,gov_account_analytic_group_2.1.2,Especialismos
gov_account_analytic_group_2.1.3.1,gov_account_analytic_group_2.1.3,Dietas
gov_account_analytic_group_2.1.3.2,gov_account_analytic_group_2.1.3,Gastos de representación
gov_account_analytic_group_2.1.4.1,gov_account_analytic_group_2.1.4,Bonificaciones
gov_account_analytic_group_2.1.4.2,gov_account_analytic_group_2.1.4,Otras gratificaciones y bonificaciones
gov_account_analytic_group_2.1.5.1,gov_account_analytic_group_2.1.5,Contribuciones al seguro de salud
gov_account_analytic_group_2.1.5.2,gov_account_analytic_group_2.1.5,Contribuciones al seguro de pensiones
gov_account_analytic_group_2.1.5.3,gov_account_analytic_group_2.1.5,Contribuciones al seguro de riesgo laboral
gov_account_analytic_group_2.1.5.4,gov_account_analytic_group_2.1.5,Contribuciones al plan de retiro complementario
gov_account_analytic_group_2.2.1.1,gov_account_analytic_group_2.2.1,Radiocomunicación
gov_account_analytic_group_2.2.1.2,gov_account_analytic_group_2.2.1,Servicios telefónico de larga distancia
gov_account_analytic_group_2.2.1.3,gov_account_analytic_group_2.2.1,Teléfono local
gov_account_analytic_group_2.2.1.4,gov_account_analytic_group_2.2.1,Telefax y correos
gov_account_analytic_group_2.2.1.5,gov_account_analytic_group_2.2.1,Servicio de internet y televisión por cable
gov_account_analytic_group_2.2.1.6,gov_account_analytic_group_2.2.1,Electricidad
gov_account_analytic_group_2.2.1.7,gov_account_analytic_group_2.2.1,Agua
gov_account_analytic_group_2.2.1.8,gov_account_analytic_group_2.2.1,Recolección de residuos
gov_account_analytic_group_2.2.2.1,gov_account_analytic_group_2.2.2,Publicidad y propaganda
gov_account_analytic_group_2.2.2.2,gov_account_analytic_group_2.2.2,"Impresión, encuadernación y rotulación"
gov_account_analytic_group_2.2.3.1,gov_account_analytic_group_2.2.3,Viáticos dentro del país
gov_account_analytic_group_2.2.3.2,gov_account_analytic_group_2.2.3,Viáticos fuera del país
gov_account_analytic_group_2.2.3.3,gov_account_analytic_group_2.2.3,Otros viáticos
gov_account_analytic_group_2.2.4.1,gov_account_analytic_group_2.2.4,Pasajes y gastos de transporte
gov_account_analytic_group_2.2.4.2,gov_account_analytic_group_2.2.4,Fletes
gov_account_analytic_group_2.2.4.3,gov_account_analytic_group_2.2.4,Almacenaje
gov_account_analytic_group_2.2.4.4,gov_account_analytic_group_2.2.4,Peaje
gov_account_analytic_group_2.2.5.1,gov_account_analytic_group_2.2.5,Alquileres y rentas de edificaciones y locales
gov_account_analytic_group_2.2.5.2,gov_account_analytic_group_2.2.5,Alquileres de máquinas y equipos de producción
gov_account_analytic_group_2.2.5.3,gov_account_analytic_group_2.2.5,Alquileres de  equipos
gov_account_analytic_group_2.2.5.4,gov_account_analytic_group_2.2.5,"Alquileres de equipos de transporte, tracción y elevación"
gov_account_analytic_group_2.2.5.5,gov_account_analytic_group_2.2.5,Alquiler de tierras
gov_account_analytic_group_2.2.5.6,gov_account_analytic_group_2.2.5,Alquileres de terrenos
gov_account_analytic_group_2.2.5.7,gov_account_analytic_group_2.2.5,Alquileres de equipos de construcción y movimiento de tierras
gov_account_analytic_group_2.2.5.8,gov_account_analytic_group_2.2.5,Otros alquileres
gov_account_analytic_group_2.2.5.9,gov_account_analytic_group_2.2.5,Derecho de uso
gov_account_analytic_group_2.2.6.1,gov_account_analytic_group_2.2.6,Seguro de bienes inmuebles
gov_account_analytic_group_2.2.6.2,gov_account_analytic_group_2.2.6,Seguro de bienes muebles
gov_account_analytic_group_2.2.6.3,gov_account_analytic_group_2.2.6,Seguros de personas
gov_account_analytic_group_2.2.6.4,gov_account_analytic_group_2.2.6,Seguros de la producción agrícola
gov_account_analytic_group_2.2.6.5,gov_account_analytic_group_2.2.6,Seguro sobre infraestructura
gov_account_analytic_group_2.2.6.6,gov_account_analytic_group_2.2.6,Seguro sobre bienes de dominio público
gov_account_analytic_group_2.2.6.7,gov_account_analytic_group_2.2.6,Seguro sobre bienes históricos y culturales
gov_account_analytic_group_2.2.6.8,gov_account_analytic_group_2.2.6,Seguro sobre inventarios de bienes de consumo
gov_account_analytic_group_2.2.6.9,gov_account_analytic_group_2.2.6,Otros seguros
gov_account_analytic_group_2.2.7.1,gov_account_analytic_group_2.2.7,Contratación de mantenimiento y reparaciones menores
gov_account_analytic_group_2.2.7.2,gov_account_analytic_group_2.2.7,Mantenimiento y reparación  de maquinarias y equipos
gov_account_analytic_group_2.2.7.3,gov_account_analytic_group_2.2.7,Instalaciones temporales
gov_account_analytic_group_2.2.8.1,gov_account_analytic_group_2.2.8,Gastos judiciales
gov_account_analytic_group_2.2.8.2,gov_account_analytic_group_2.2.8,Comisiones y gastos
gov_account_analytic_group_2.2.8.3,gov_account_analytic_group_2.2.8,Servicios sanitarios médicos y veterinarios
gov_account_analytic_group_2.2.8.4,gov_account_analytic_group_2.2.8,Servicios funerarios y gastos conexos
gov_account_analytic_group_2.2.8.5,gov_account_analytic_group_2.2.8,"Fumigación, lavandería, limpieza e higiene"
gov_account_analytic_group_2.2.8.6,gov_account_analytic_group_2.2.8,"Servicio de organización de eventos, festividades y actividades de entretenimiento"
gov_account_analytic_group_2.2.8.7,gov_account_analytic_group_2.2.8,Servicios técnicos y profesionales
gov_account_analytic_group_2.2.8.8,gov_account_analytic_group_2.2.8,"Impuestos, derechos y tasas"
gov_account_analytic_group_2.2.8.9,gov_account_analytic_group_2.2.8,Otros gastos operativos
gov_account_analytic_group_2.2.9.1,gov_account_analytic_group_2.2.9,Otras contrataciones de servicios
gov_account_analytic_group_2.2.9.2,gov_account_analytic_group_2.2.9,Servicios de alimentación
gov_account_analytic_group_2.3.1.1,gov_account_analytic_group_2.3.1,Alimentos y bebidas para personas
gov_account_analytic_group_2.3.1.2,gov_account_analytic_group_2.3.1,Alimentos para animales
gov_account_analytic_group_2.3.1.3,gov_account_analytic_group_2.3.1,Productos agroforestales y pecuarios
gov_account_analytic_group_2.3.1.4,gov_account_analytic_group_2.3.1,"Madera, corcho y sus manufacturas"
gov_account_analytic_group_2.3.1.5,gov_account_analytic_group_2.3.1,Productos del mar
gov_account_analytic_group_2.3.2.1,gov_account_analytic_group_2.3.2,"Hilados, fibras, telas y útiles de costura"
gov_account_analytic_group_2.3.2.2,gov_account_analytic_group_2.3.2,Acabados textiles
gov_account_analytic_group_2.3.2.3,gov_account_analytic_group_2.3.2,Prendas y accesorios de vestir
gov_account_analytic_group_2.3.2.4,gov_account_analytic_group_2.3.2,Calzados
gov_account_analytic_group_2.3.3.1,gov_account_analytic_group_2.3.3,Papel de escritorio
gov_account_analytic_group_2.3.3.2,gov_account_analytic_group_2.3.3,Papel y cartón
gov_account_analytic_group_2.3.3.3,gov_account_analytic_group_2.3.3,Productos de artes gráficas
gov_account_analytic_group_2.3.3.4,gov_account_analytic_group_2.3.3,"Libros, revistas y periódicos"
gov_account_analytic_group_2.3.3.5,gov_account_analytic_group_2.3.3,Textos de enseñanza
gov_account_analytic_group_2.3.3.6,gov_account_analytic_group_2.3.3,Especies timbradas y valoradas
gov_account_analytic_group_2.3.4.1,gov_account_analytic_group_2.3.4,Productos medicinales para uso humano
gov_account_analytic_group_2.3.4.2,gov_account_analytic_group_2.3.4,Productos medicinales para uso veterinario
gov_account_analytic_group_2.3.5.1,gov_account_analytic_group_2.3.5,Cuero y pieles
gov_account_analytic_group_2.3.5.2,gov_account_analytic_group_2.3.5,Productos de cuero
gov_account_analytic_group_2.3.5.3,gov_account_analytic_group_2.3.5,Llantas y neumáticos
gov_account_analytic_group_2.3.5.4,gov_account_analytic_group_2.3.5,Artículos de caucho
gov_account_analytic_group_2.3.5.5,gov_account_analytic_group_2.3.5,Plástico
gov_account_analytic_group_2.3.6.1,gov_account_analytic_group_2.3.6,"Productos de cemento, cal, asbesto, yeso y arcilla"
gov_account_analytic_group_2.3.6.2,gov_account_analytic_group_2.3.6,"Productos de vidrio, loza y porcelana"
gov_account_analytic_group_2.3.6.3,gov_account_analytic_group_2.3.6,Productos metálicos y sus derivados
gov_account_analytic_group_2.3.6.4,gov_account_analytic_group_2.3.6,Minerales
gov_account_analytic_group_2.3.6.9,gov_account_analytic_group_2.3.6,Otros productos minerales no metálicos
gov_account_analytic_group_2.3.7.1,gov_account_analytic_group_2.3.7,Combustibles y lubricantes
gov_account_analytic_group_2.3.7.2,gov_account_analytic_group_2.3.7,Productos químicos y conexos
gov_account_analytic_group_2.3.8.1,gov_account_analytic_group_2.3.8,5 % que se asignará durante el ejercicio para gastos corrientes
gov_account_analytic_group_2.3.8.2,gov_account_analytic_group_2.3.8,1 % que se asignará durante el ejercicio para gastos corrientes por calamidad pública
gov_account_analytic_group_2.3.9.1,gov_account_analytic_group_2.3.9,Útiles y materiales de limpieza e higiene
gov_account_analytic_group_2.3.9.2,gov_account_analytic_group_2.3.9,"Útiles  y materiales de escritorio, oficina, informática, escolares y de enseñanza"
gov_account_analytic_group_2.3.9.3,gov_account_analytic_group_2.3.9,"Útiles menores médico, quirúrgicos o de laboratorio"
gov_account_analytic_group_2.3.9.4,gov_account_analytic_group_2.3.9,"Útiles destinados a actividades deportivas, culturales y recreativas"
gov_account_analytic_group_2.3.9.5,gov_account_analytic_group_2.3.9,Útiles de cocina y comedor
gov_account_analytic_group_2.3.9.6,gov_account_analytic_group_2.3.9,Productos eléctricos y afines
gov_account_analytic_group_2.3.9.7,gov_account_analytic_group_2.3.9,Productos y útiles veterinarios
gov_account_analytic_group_2.3.9.8,gov_account_analytic_group_2.3.9,Repuestos y accesorios menores
gov_account_analytic_group_2.3.9.9,gov_account_analytic_group_2.3.9,Productos y útiles varios no identificados precedentemente (n.i.p.)
gov_account_analytic_group_2.4.1.1,gov_account_analytic_group_2.4.1,Prestaciones a la seguridad social
gov_account_analytic_group_2.4.1.2,gov_account_analytic_group_2.4.1,Ayudas y donaciones a personas
gov_account_analytic_group_2.4.1.3,gov_account_analytic_group_2.4.1,"Premios literarios, deportivos y culturales"
gov_account_analytic_group_2.4.1.4,gov_account_analytic_group_2.4.1,Becas y viajes de estudios
gov_account_analytic_group_2.4.1.5,gov_account_analytic_group_2.4.1,Transferencias corrientes a empresas del sector privado
gov_account_analytic_group_2.4.1.6,gov_account_analytic_group_2.4.1,Transferencias corrientes a asociaciones sin fines de lucro y partidos políticos
gov_account_analytic_group_2.4.2.1,gov_account_analytic_group_2.4.2,Aportaciones a instituciones del gobierno central
gov_account_analytic_group_2.4.2.2,gov_account_analytic_group_2.4.2,Transferencias corrientes a instituciones descentralizadas y autónomas no financieras
gov_account_analytic_group_2.4.2.3,gov_account_analytic_group_2.4.2,Transferencias corrientes a instituciones públicas de la seguridad social
gov_account_analytic_group_2.4.3.1,gov_account_analytic_group_2.4.3,Transferencias corrientes a gobiernos centrales municipales
gov_account_analytic_group_2.4.3.2,gov_account_analytic_group_2.4.3,Transferencias corrientes a instituciones descentralizadas municipales
gov_account_analytic_group_2.4.4.1,gov_account_analytic_group_2.4.4,Transferencias corrientes a empresas públicas no financieras nacionales
gov_account_analytic_group_2.4.4.2,gov_account_analytic_group_2.4.4,Transferencias corrientes a empresas públicas no financieras municipales
gov_account_analytic_group_2.4.5.1,gov_account_analytic_group_2.4.5,Transferencias corrientes a instituciones públicas financieras no monetarias
gov_account_analytic_group_2.4.5.2,gov_account_analytic_group_2.4.5,Transferencias corrientes a instituciones públicas financieras monetarias
gov_account_analytic_group_2.4.6.1,gov_account_analytic_group_2.4.6,Subvenciones a empresas del sector privado
gov_account_analytic_group_2.4.6.2,gov_account_analytic_group_2.4.6,Subvenciones a empresas y cuasiempresas públicas no financieras
gov_account_analytic_group_2.4.6.3,gov_account_analytic_group_2.4.6,Subvenciones a instituciones públicas financieras no monetarias
gov_account_analytic_group_2.4.6.4,gov_account_analytic_group_2.4.6,Subvenciones a instituciones públicas financieras monetarias
gov_account_analytic_group_2.4.7.1,gov_account_analytic_group_2.4.7,Transferencias corrientes a gobiernos extranjeros
gov_account_analytic_group_2.4.7.2,gov_account_analytic_group_2.4.7,Transferencias corrientes a organismos internacionales
gov_account_analytic_group_2.4.7.3,gov_account_analytic_group_2.4.7,Transferencias corrientes al sector privado externo
gov_account_analytic_group_2.4.9.1,gov_account_analytic_group_2.4.9,Transferencias corrientes destinadas a otras instituciones públicas[1]
gov_account_analytic_group_2.4.9.2,gov_account_analytic_group_2.4.9,Sueldo en las transferencias a otras instituciones públicas
gov_account_analytic_group_2.4.9.3,gov_account_analytic_group_2.4.9,Gasto en las transferencias a otras instituciones públicas
gov_account_analytic_group_2.4.9.4,gov_account_analytic_group_2.4.9,Electricidad no cortable en las transferencias a otras instituciones públicas
gov_account_analytic_group_2.5.1.1,gov_account_analytic_group_2.5.1,Transferencias de capital a hogares y personas
gov_account_analytic_group_2.5.1.2,gov_account_analytic_group_2.5.1,Transferencias de capital a asociaciones  privadas sin fines de lucro
gov_account_analytic_group_2.5.1.3,gov_account_analytic_group_2.5.1,Transferencias de capital a empresas del sector privado interno
gov_account_analytic_group_2.5.2.1,gov_account_analytic_group_2.5.2,Aportaciones de capital a instituciones del gobierno central
gov_account_analytic_group_2.5.2.2,gov_account_analytic_group_2.5.2,Transferencias de capital a las instituciones descentralizadas y autónomas no financieras
gov_account_analytic_group_2.5.2.3,gov_account_analytic_group_2.5.2,Transferencias de capital a instituciones públicas de la seguridad social
gov_account_analytic_group_2.5.3.1,gov_account_analytic_group_2.5.3,Transferencias de capital a gobiernos centrales municipales
gov_account_analytic_group_2.5.3.2,gov_account_analytic_group_2.5.3,Transferencias de capital a instituciones descentralizadas municipales
gov_account_analytic_group_2.5.4.1,gov_account_analytic_group_2.5.4,Transferencias de capital a empresas públicas no financieras nacionales
gov_account_analytic_group_2.5.4.2,gov_account_analytic_group_2.5.4,Transferencias de capital a empresas públicas no financieras municipales
gov_account_analytic_group_2.5.5.1,gov_account_analytic_group_2.5.5,Transferencias de capital a instituciones públicas financieras no monetarias
gov_account_analytic_group_2.5.5.2,gov_account_analytic_group_2.5.5,Transferencias de capital a instituciones públicas financieras monetarias
gov_account_analytic_group_2.5.6.1,gov_account_analytic_group_2.5.6,Transferencias de capital a gobiernos extranjeros
gov_account_analytic_group_2.5.6.2,gov_account_analytic_group_2.5.6,Transferencias de capital a organismos internacionales
gov_account_analytic_group_2.5.6.3,gov_account_analytic_group_2.5.6,Transferencias de capital al sector privado externo
gov_account_analytic_group_2.5.9.1,gov_account_analytic_group_2.5.9,Transferencias de capital a otras instituciones públicas
gov_account_analytic_group_2.5.9.2,gov_account_analytic_group_2.5.9,Transferencia de capital para bienes de reposición de activos
gov_account_analytic_group_2.5.9.3,gov_account_analytic_group_2.5.9,Transferencia de capital para inversión en proyectos
gov_account_analytic_group_2.6.1.1,gov_account_analytic_group_2.6.1,"Muebles, equipos de oficina y estantería"
gov_account_analytic_group_2.6.1.2,gov_account_analytic_group_2.6.1,Muebles de alojamiento
gov_account_analytic_group_2.6.1.3,gov_account_analytic_group_2.6.1,Equipos de tecnología de la información y comunicación
gov_account_analytic_group_2.6.1.4,gov_account_analytic_group_2.6.1,Electrodomésticos
gov_account_analytic_group_2.6.1.9,gov_account_analytic_group_2.6.1,Otros mobiliarios y equipos no identificados precedentemente
gov_account_analytic_group_2.6.2.1,gov_account_analytic_group_2.6.2,Equipos y aparatos audiovisuales
gov_account_analytic_group_2.6.2.2,gov_account_analytic_group_2.6.2,Aparatos deportivos
gov_account_analytic_group_2.6.2.3,gov_account_analytic_group_2.6.2,Cámaras fotográficas y de video
gov_account_analytic_group_2.6.2.4,gov_account_analytic_group_2.6.2,Mobiliario y equipo educacional y recreativo
gov_account_analytic_group_2.6.3.1,gov_account_analytic_group_2.6.3,Equipo médico y de laboratorio
gov_account_analytic_group_2.6.3.2,gov_account_analytic_group_2.6.3,Instrumental médico y de laboratorio
gov_account_analytic_group_2.6.3.3,gov_account_analytic_group_2.6.3,Equipo veterinario
gov_account_analytic_group_2.6.3.4,gov_account_analytic_group_2.6.3,Equipo e instrumentos de medición científica
gov_account_analytic_group_2.6.4.1,gov_account_analytic_group_2.6.4,Automóviles y camiones
gov_account_analytic_group_2.6.4.2,gov_account_analytic_group_2.6.4,Carrocerías y remolques
gov_account_analytic_group_2.6.4.3,gov_account_analytic_group_2.6.4,Equipo aeronáutico
gov_account_analytic_group_2.6.4.4,gov_account_analytic_group_2.6.4,Equipo ferroviario
gov_account_analytic_group_2.6.4.5,gov_account_analytic_group_2.6.4,Embarcaciones
gov_account_analytic_group_2.6.4.6,gov_account_analytic_group_2.6.4,Equipo de tracción
gov_account_analytic_group_2.6.4.7,gov_account_analytic_group_2.6.4,Equipo de elevación
gov_account_analytic_group_2.6.4.8,gov_account_analytic_group_2.6.4,Otros equipos de transporte
gov_account_analytic_group_2.6.5.1,gov_account_analytic_group_2.6.5,Maquinaria y equipo agropecuario
gov_account_analytic_group_2.6.5.2,gov_account_analytic_group_2.6.5,Maquinaria y equipo industrial
gov_account_analytic_group_2.6.5.3,gov_account_analytic_group_2.6.5,Maquinaria y equipo de construcción
gov_account_analytic_group_2.6.5.4,gov_account_analytic_group_2.6.5,Sistemas y equipos de climatización
gov_account_analytic_group_2.6.5.5,gov_account_analytic_group_2.6.5,"Equipo de comunicación, telecomunicaciones y señalamiento"
gov_account_analytic_group_2.6.5.6,gov_account_analytic_group_2.6.5,Equipo de generación eléctrica y a fines
gov_account_analytic_group_2.6.5.7,gov_account_analytic_group_2.6.5,Máquinas-herramientas
gov_account_analytic_group_2.6.5.8,gov_account_analytic_group_2.6.5,Otros equipos
gov_account_analytic_group_2.6.6.1,gov_account_analytic_group_2.6.6,Equipos de defensa
gov_account_analytic_group_2.6.6.2,gov_account_analytic_group_2.6.6,Equipos de seguridad
gov_account_analytic_group_2.6.7.1,gov_account_analytic_group_2.6.7,Bovinos
gov_account_analytic_group_2.6.7.2,gov_account_analytic_group_2.6.7,Porcinos
gov_account_analytic_group_2.6.7.3,gov_account_analytic_group_2.6.7,Aves
gov_account_analytic_group_2.6.7.4,gov_account_analytic_group_2.6.7,Ovinos y caprinos
gov_account_analytic_group_2.6.7.5,gov_account_analytic_group_2.6.7,Peces y acuicultura
gov_account_analytic_group_2.6.7.6,gov_account_analytic_group_2.6.7,Equinos
gov_account_analytic_group_2.6.7.7,gov_account_analytic_group_2.6.7,Especies menores y de zoológico
gov_account_analytic_group_2.6.7.8,gov_account_analytic_group_2.6.7,Otros activos biológicos que generan producción recurrente
gov_account_analytic_group_2.6.7.9,gov_account_analytic_group_2.6.7,"Semillas, cultivos, plantas y árboles  que generan productos  recurrentes"
gov_account_analytic_group_2.6.8.1,gov_account_analytic_group_2.6.8,Investigación y desarrollo
gov_account_analytic_group_2.6.8.2,gov_account_analytic_group_2.6.8,Exploración y evaluación minera
gov_account_analytic_group_2.6.8.3,gov_account_analytic_group_2.6.8,Programas de informática y base de datos
gov_account_analytic_group_2.6.8.4,gov_account_analytic_group_2.6.8,"Originales para esparcimiento, literarios o artísticos"
gov_account_analytic_group_2.6.8.5,gov_account_analytic_group_2.6.8,Estudios de preinversión
gov_account_analytic_group_2.6.8.6,gov_account_analytic_group_2.6.8,Marcas y patentes
gov_account_analytic_group_2.6.8.7,gov_account_analytic_group_2.6.8,Concesiones
gov_account_analytic_group_2.6.8.8,gov_account_analytic_group_2.6.8,"Licencias informáticas e intelectuales, industriales y comerciales"
gov_account_analytic_group_2.6.8.9,gov_account_analytic_group_2.6.8,Otros activos intangibles
gov_account_analytic_group_2.6.9.1,gov_account_analytic_group_2.6.9,Edificios residenciales (viviendas)
gov_account_analytic_group_2.6.9.2,gov_account_analytic_group_2.6.9,Edificios no residenciales
gov_account_analytic_group_2.6.9.3,gov_account_analytic_group_2.6.9,Terrenos urbanos
gov_account_analytic_group_2.6.9.4,gov_account_analytic_group_2.6.9,Tierras rurales
gov_account_analytic_group_2.6.9.5,gov_account_analytic_group_2.6.9,Objetos de valor
gov_account_analytic_group_2.6.9.6,gov_account_analytic_group_2.6.9,Accesorios para edificaciones residenciales y no residenciales
gov_account_analytic_group_2.6.9.9,gov_account_analytic_group_2.6.9,Otras estructuras y objetos de valor
gov_account_analytic_group_2.7.1.1,gov_account_analytic_group_2.7.1,Obras para edificación residencial (viviendas)
gov_account_analytic_group_2.7.1.2,gov_account_analytic_group_2.7.1,Obras para edificación no residencial
gov_account_analytic_group_2.7.1.3,gov_account_analytic_group_2.7.1,Obras para edificación de otras estructuras
gov_account_analytic_group_2.7.1.4,gov_account_analytic_group_2.7.1,Mejoras de tierras y terrenos
gov_account_analytic_group_2.7.1.5,gov_account_analytic_group_2.7.1,Supervisión e inspección de obras en edificaciones
gov_account_analytic_group_2.7.2.1,gov_account_analytic_group_2.7.2,Obras hidráulicas y sanitarias
gov_account_analytic_group_2.7.2.2,gov_account_analytic_group_2.7.2,Obras de energía
gov_account_analytic_group_2.7.2.3,gov_account_analytic_group_2.7.2,Obras de telecomunicaciones
gov_account_analytic_group_2.7.2.4,gov_account_analytic_group_2.7.2,Infraestructura terrestre y obras anexas
gov_account_analytic_group_2.7.2.5,gov_account_analytic_group_2.7.2,Infraestructura marítima y aérea
gov_account_analytic_group_2.7.2.6,gov_account_analytic_group_2.7.2,Infraestructura y plantaciones agrícolas
gov_account_analytic_group_2.7.2.7,gov_account_analytic_group_2.7.2,Obras urbanísticas
gov_account_analytic_group_2.7.2.8,gov_account_analytic_group_2.7.2,Obras en cementerios
gov_account_analytic_group_2.7.2.9,gov_account_analytic_group_2.7.2,"Obras en plantas industriales, hidrocarburos y minas"
gov_account_analytic_group_2.7.3.1,gov_account_analytic_group_2.7.3,Construcciones en bienes de uso público concesionados
gov_account_analytic_group_2.7.3.2,gov_account_analytic_group_2.7.3,Construcciones en bienes de uso privado concesionados
gov_account_analytic_group_2.7.4.1,gov_account_analytic_group_2.7.4,5 % que se asignará durante el ejercicio para inversión
gov_account_analytic_group_2.7.4.2,gov_account_analytic_group_2.7.4,1 % que se asignará durante el ejercicio para inversión por calamidad pública
gov_account_analytic_group_2.8.1.1,gov_account_analytic_group_2.8.1,Concesión de préstamos al sector privado
gov_account_analytic_group_2.8.1.2,gov_account_analytic_group_2.8.1,Concesión de préstamos al sector público
gov_account_analytic_group_2.8.1.3,gov_account_analytic_group_2.8.1,Concesión de préstamos de organismos e instituciones internacionales
gov_account_analytic_group_2.8.2.1,gov_account_analytic_group_2.8.2,Títulos y valores de deuda del sector privado
gov_account_analytic_group_2.8.2.2,gov_account_analytic_group_2.8.2,Títulos y valores de deuda del sector público
gov_account_analytic_group_2.8.2.3,gov_account_analytic_group_2.8.2,Títulos y valores representativos de deuda del sector externo
gov_account_analytic_group_2.8.3.1,gov_account_analytic_group_2.8.3,Acciones y participaciones de capital del sector privado
gov_account_analytic_group_2.8.3.2,gov_account_analytic_group_2.8.3,Acciones y participaciones de capital del sector público
gov_account_analytic_group_2.8.3.3,gov_account_analytic_group_2.8.3,Adquisición de acciones y participaciones de capital de organismos e instituciones internacionales
gov_account_analytic_group_2.8.4.1,gov_account_analytic_group_2.8.4,Obligaciones negociables del sector privado
gov_account_analytic_group_2.8.4.2,gov_account_analytic_group_2.8.4,Obligaciones negociables del sector público
gov_account_analytic_group_2.8.4.3,gov_account_analytic_group_2.8.4,Adquisición de obligaciones negociables de organismos e instituciones internacionales
gov_account_analytic_group_2.8.5.1,gov_account_analytic_group_2.8.5,Aportes de capital al sector público financiero
gov_account_analytic_group_2.8.5.2,gov_account_analytic_group_2.8.5,Aportes de capital al sector público no financiero
gov_account_analytic_group_2.9.1.1,gov_account_analytic_group_2.9.1,Intereses de la deuda pública interna de corto plazo
gov_account_analytic_group_2.9.1.2,gov_account_analytic_group_2.9.1,Intereses de la deuda pública interna de largo plazo
gov_account_analytic_group_2.9.2.1,gov_account_analytic_group_2.9.2,Intereses de la deuda pública externa de corto plazo
gov_account_analytic_group_2.9.2.2,gov_account_analytic_group_2.9.2,Intereses de la deuda pública externa de largo plazo
gov_account_analytic_group_2.9.3.1,gov_account_analytic_group_2.9.3,Intereses de la deuda comercial de corto plazo
gov_account_analytic_group_2.9.3.2,gov_account_analytic_group_2.9.3,Intereses de la deuda comercial de largo plazo
gov_account_analytic_group_2.9.4.1,gov_account_analytic_group_2.9.4,Comisiones y otros gastos bancarios de la deuda pública interna
gov_account_analytic_group_2.9.4.2,gov_account_analytic_group_2.9.4,Comisiones y otros gastos bancarios de la deuda pública externa
gov_account_analytic_group_2.9.5.1,gov_account_analytic_group_2.9.5,"Gastos de intereses, recargos, multas y sanciones de impuestos"
gov_account_analytic_group_2.9.5.2,gov_account_analytic_group_2.9.5,"Gastos de intereses, recargos, multas y sanciones contribuciones sociales"
gov_account_analytic_group_3.1.1.1,gov_account_analytic_group_3.1.1,Disminución de disponibilidades
gov_account_analytic_group_3.1.1.2,gov_account_analytic_group_3.1.1,Disminución de inversiones financieras de corto plazo
gov_account_analytic_group_3.1.1.3,gov_account_analytic_group_3.1.1,Disminución de cuentas por cobrar de corto plazo
gov_account_analytic_group_3.1.1.4,gov_account_analytic_group_3.1.1,Disminución de documentos por cobrar de corto plazo
gov_account_analytic_group_3.1.1.5,gov_account_analytic_group_3.1.1,Recuperación préstamos otorgados de corto plazo
gov_account_analytic_group_3.1.1.9,gov_account_analytic_group_3.1.1,Disminución de otros activos financieros corrientes
gov_account_analytic_group_3.1.2.1,gov_account_analytic_group_3.1.2,Disminución de cuentas por cobrar de largo plazo
gov_account_analytic_group_3.1.2.2,gov_account_analytic_group_3.1.2,Disminución de documentos por cobrar de largo plazo
gov_account_analytic_group_3.1.2.3,gov_account_analytic_group_3.1.2,Venta de acciones y participaciones de capital adquiridas con fines de liquidez
gov_account_analytic_group_3.1.2.4,gov_account_analytic_group_3.1.2,Venta de títulos valores representativos de deuda adquiridos con fines de liquidez
gov_account_analytic_group_3.1.2.5,gov_account_analytic_group_3.1.2,Venta de obligaciones negociables adquiridas con fines de liquidez
gov_account_analytic_group_3.1.2.6,gov_account_analytic_group_3.1.2,Recuperación de préstamos de largo plazo concedidos con fines de liquidez
gov_account_analytic_group_3.1.2.7,gov_account_analytic_group_3.1.2,Disminución del patrimonio de instituciones y empresas públicas controladas
gov_account_analytic_group_3.1.2.8,gov_account_analytic_group_3.1.2,Disminución de la inversión de las reservas técnicas
gov_account_analytic_group_3.1.2.9,gov_account_analytic_group_3.1.2,Disminución de otros activos financieros de largo plazo
gov_account_analytic_group_3.2.1.1,gov_account_analytic_group_3.2.1,Incremento de cuentas por pagar de corto plazo
gov_account_analytic_group_3.2.1.2,gov_account_analytic_group_3.2.1,Incremento de documentos por pagar de corto plazo
gov_account_analytic_group_3.2.1.3,gov_account_analytic_group_3.2.1,Obtención de préstamos de corto plazo
gov_account_analytic_group_3.2.1.4,gov_account_analytic_group_3.2.1,Colocación de títulos valores de corto plazo
gov_account_analytic_group_3.2.1.5,gov_account_analytic_group_3.2.1,Porción de corto plazo de la deuda pública en títulos y valores de largo plazo
gov_account_analytic_group_3.2.1.6,gov_account_analytic_group_3.2.1,Porción de corto plazo de la deuda pública en préstamos de largo plazo
gov_account_analytic_group_3.2.1.7,gov_account_analytic_group_3.2.1,Incremento de pasivos diferidos de corto plazo
gov_account_analytic_group_3.2.1.9,gov_account_analytic_group_3.2.1,Incremento de otros pasivos de corto plazo
gov_account_analytic_group_3.2.2.1,gov_account_analytic_group_3.2.2,Incremento de cuentas por pagar de largo plazo
gov_account_analytic_group_3.2.2.2,gov_account_analytic_group_3.2.2,Incremento de documentos por pagar de largo plazo
gov_account_analytic_group_3.2.2.3,gov_account_analytic_group_3.2.2,Colocación de títulos valores de la deuda pública de largo plazo
gov_account_analytic_group_3.2.2.4,gov_account_analytic_group_3.2.2,Obtención de préstamos de la deuda pública de largo plazo
gov_account_analytic_group_3.2.2.5,gov_account_analytic_group_3.2.2,Incremento de pasivos diferidos de largo plazo
gov_account_analytic_group_3.2.2.6,gov_account_analytic_group_3.2.2,Incremento de las reservas técnicas
gov_account_analytic_group_3.2.2.9,gov_account_analytic_group_3.2.2,Incremento de otros pasivos de largo plazo
gov_account_analytic_group_3.3.1.1,gov_account_analytic_group_3.3.1,Misceláneos varias leyes
gov_account_analytic_group_3.3.2.1,gov_account_analytic_group_3.3.2,Fianzas industriales para la fabricación de fósforos
gov_account_analytic_group_3.3.3.1,gov_account_analytic_group_3.3.3,Fianzas judiciales y depósitos en consignación
gov_account_analytic_group_3.3.4.1,gov_account_analytic_group_3.3.4,Fianzas diversas
gov_account_analytic_group_3.3.5.1,gov_account_analytic_group_3.3.5,Depósitos en exceso
gov_account_analytic_group_3.3.6.1,gov_account_analytic_group_3.3.6,Depósitos fondos de terceros
gov_account_analytic_group_3.3.7.1,gov_account_analytic_group_3.3.7,Contribución especial para la gestión integral de residuos
gov_account_analytic_group_3.4.1.1,gov_account_analytic_group_3.4.1,Incremento del patrimonio
gov_account_analytic_group_3.4.1.2,gov_account_analytic_group_3.4.1,Aportes patrimoniales no capitalizados
gov_account_analytic_group_3.5.1.1,gov_account_analytic_group_3.5.1,Primas por colocación de títulos valores internos y externos corto plazo sobre la par
gov_account_analytic_group_3.5.2.1,gov_account_analytic_group_3.5.2,Primas por colocación de títulos valores internos y externos largo plazo sobre la par
gov_account_analytic_group_3.5.3.1,gov_account_analytic_group_3.5.3,Intereses corridos en colocación de títulos internos y externos de deuda a corto plazo
gov_account_analytic_group_3.5.4.1,gov_account_analytic_group_3.5.4,Intereses corridos en colocación de títulos internos y externos de deuda a largo plazo
gov_account_analytic_group_4.1.1.1,gov_account_analytic_group_4.1.1,Incremento de disponibilidades
gov_account_analytic_group_4.1.1.2,gov_account_analytic_group_4.1.1,Incremento de inversiones financieras de corto plazo
gov_account_analytic_group_4.1.1.3,gov_account_analytic_group_4.1.1,Incremento de cuentas por cobrar de corto plazo
gov_account_analytic_group_4.1.1.4,gov_account_analytic_group_4.1.1,Incremento de documentos por cobrar de corto plazo
gov_account_analytic_group_4.1.1.5,gov_account_analytic_group_4.1.1,Concesión de préstamos otorgados de corto plazo
gov_account_analytic_group_4.1.1.9,gov_account_analytic_group_4.1.1,Incremento de otros activos financieros de corto plazo
gov_account_analytic_group_4.1.2.1,gov_account_analytic_group_4.1.2,Incremento de cuentas por cobrar de largo plazo
gov_account_analytic_group_4.1.2.2,gov_account_analytic_group_4.1.2,Incremento de documentos por cobrar de largo plazo
gov_account_analytic_group_4.1.2.3,gov_account_analytic_group_4.1.2,Compra de acciones y participaciones de capital con fines de liquidez
gov_account_analytic_group_4.1.2.4,gov_account_analytic_group_4.1.2,Compra de títulos valores representativos de la deuda con fines de liquidez
gov_account_analytic_group_4.1.2.5,gov_account_analytic_group_4.1.2,Compra de obligaciones negociables con fines de liquidez
gov_account_analytic_group_4.1.2.6,gov_account_analytic_group_4.1.2,Concesión de préstamos de largo plazo con fines de liquidez
gov_account_analytic_group_4.1.2.7,gov_account_analytic_group_4.1.2,Incremento del patrimonio de instituciones y empresas públicas controladas
gov_account_analytic_group_4.1.2.8,gov_account_analytic_group_4.1.2,Incremento de la inversión de las reservas técnicas
gov_account_analytic_group_4.1.2.9,gov_account_analytic_group_4.1.2,Incremento de otros activos financieros no corrientes
gov_account_analytic_group_4.2.1.1,gov_account_analytic_group_4.2.1,Disminución de cuentas por pagar de corto plazo
gov_account_analytic_group_4.2.1.2,gov_account_analytic_group_4.2.1,Disminución de documentos por pagar de corto plazo
gov_account_analytic_group_4.2.1.3,gov_account_analytic_group_4.2.1,Disminución de préstamos de corto plazo
gov_account_analytic_group_4.2.1.4,gov_account_analytic_group_4.2.1,Disminución de títulos valores de corto plazo
gov_account_analytic_group_4.2.1.5,gov_account_analytic_group_4.2.1,Amortización de la porción de corto plazo de la deuda pública en títulos valores de largo plazo
gov_account_analytic_group_4.2.1.6,gov_account_analytic_group_4.2.1,Amortización de la porción de corto plazo de la deuda pública en préstamos de largo plazo
gov_account_analytic_group_4.2.1.7,gov_account_analytic_group_4.2.1,Disminución de pasivos diferidos de corto plazo
gov_account_analytic_group_4.2.1.9,gov_account_analytic_group_4.2.1,Disminución de otros pasivos de corto plazo
gov_account_analytic_group_4.2.2.1,gov_account_analytic_group_4.2.2,Disminución de cuentas por pagar de largo plazo
gov_account_analytic_group_4.2.2.2,gov_account_analytic_group_4.2.2,Disminución de documentos por pagar de largo plazo
gov_account_analytic_group_4.2.2.3,gov_account_analytic_group_4.2.2,Conversión de la deuda pública en  títulos valores de largo plazo en corto plazo
gov_account_analytic_group_4.2.2.4,gov_account_analytic_group_4.2.2,Conversión de la deuda pública en préstamos de largo plazo en corto plazo
gov_account_analytic_group_4.2.2.5,gov_account_analytic_group_4.2.2,Disminución de pasivos diferidos de largo plazo
gov_account_analytic_group_4.2.2.6,gov_account_analytic_group_4.2.2,Disminución de las reservas técnicas
gov_account_analytic_group_4.2.2.9,gov_account_analytic_group_4.2.2,Disminución de otros pasivos de largo plazo
gov_account_analytic_group_4.3.1.1,gov_account_analytic_group_4.3.1,Misceláneos varias leyes
gov_account_analytic_group_4.3.2.1,gov_account_analytic_group_4.3.2,Fianzas industriales para la fabricación de fósforos
gov_account_analytic_group_4.3.3.1,gov_account_analytic_group_4.3.3,Fianzas judiciales y depósitos en consignación
gov_account_analytic_group_4.3.4.1,gov_account_analytic_group_4.3.4,Fianzas diversas
gov_account_analytic_group_4.3.5.1,gov_account_analytic_group_4.3.5,Disminución depósitos fondos de terceros
gov_account_analytic_group_4.3.6.1,gov_account_analytic_group_4.3.6,Contribución especial para la gestión integral de residuos
gov_account_analytic_group_4.4.1.1,gov_account_analytic_group_4.4.1,Disminución del patrimonio institucional
gov_account_analytic_group_4.5.1.1,gov_account_analytic_group_4.5.1,Descuentos por colocación de títulos valores internos y externos de corto plazo bajo la par
gov_account_analytic_group_4.5.2.1,gov_account_analytic_group_4.5.2,Descuentos por colocación de títulos valores internos y externos de largo plazo bajo la par
gov_account_analytic_group_4.5.3.1,gov_account_analytic_group_4.5.3,Intereses corridos en compra de títulos internos y externos de deuda a corto plazo
gov_account_analytic_group_4.5.4.1,gov_account_analytic_group_4.5.4,Intereses corridos en compra de títulos internos y externos de deuda a largo plazo
gov_account_analytic_group_4.6.1.1,gov_account_analytic_group_4.6.1,Primas en recompra de títulos valores internos y externos de corto plazo
gov_account_analytic_group_4.6.2.1,gov_account_analytic_group_4.6.2,Primas en recompra de títulos valores internos y externos de largo plazo