id,code_prefix_start,code_prefix_end,name,chart_template_id/id
gov_central_group_1,1,,ACTIVOS,l10n_do_gov.gov_central_chart_template
gov_central_group_11,11,,ACTIVOS CORRIENTES,l10n_do_gov.gov_central_chart_template
gov_central_group_1101,1101,,DISPONIBILIDADES,l10n_do_gov.gov_central_chart_template
gov_central_group_110101,110101,,CAJA,l10n_do_gov.gov_central_chart_template
gov_central_group_110102,110102,,BANCOS,l10n_do_gov.gov_central_chart_template
gov_central_group_1101020001,1101020001,,BANCO DE RESERVAS DE LA REPUBLICA DOMINICANA (BANRESERVAS),l10n_do_gov.gov_central_chart_template
gov_central_group_11010200010002,11010200010002,,BANRESERVAS-REPUBLICA DOMINICANA  EN  MONEDA EXTRANJERA,l10n_do_gov.gov_central_chart_template
gov_central_group_11010200010003,11010200010003,,BANRESERVAS-CUENTA DESEMBOLSO RD$,l10n_do_gov.gov_central_chart_template
gov_central_group_11010200010004,11010200010004,,BANRESERVAS-CUENTAS COLECTORAS EN RD$,l10n_do_gov.gov_central_chart_template
gov_central_group_11010200010005,11010200010005,,BANRESERVAS-CUENTAS COLECTORAS EN MONEDA EXTRANJERA,l10n_do_gov.gov_central_chart_template
gov_central_group_11010200010006,11010200010006,,BANRESERVAS CUENTAS INVERSIONES,l10n_do_gov.gov_central_chart_template
gov_central_group_1101020002,1101020002,,BANCO CENTRAL DE LA REPUBLICA DOMINICANA (BCRD),l10n_do_gov.gov_central_chart_template
gov_central_group_1101020003,1101020003,,BANCOS PRIVADOS LOCALES,l10n_do_gov.gov_central_chart_template
gov_central_group_1101020004,1101020004,,BANCOS INTERNACIONALES EN DOLARES,l10n_do_gov.gov_central_chart_template
gov_central_group_1101020005,1101020005,,CUENTA DE TRANSFERENCIAS,l10n_do_gov.gov_central_chart_template
gov_central_group_1101020006,1101020006,,CUENTA REPUBLICA DOMINICANA EN DERECHOS ESPECIALES DE GIRO,l10n_do_gov.gov_central_chart_template
gov_central_group_1101020007,1101020007,,TESORERIA NACIONAL - CUENTA UNICA DEL TESORO EN RD$,l10n_do_gov.gov_central_chart_template
gov_central_group_11010200070001,11010200070001,,EFECTIVO EN LA CUENTA UNICA DEL TESORO EN RD$,l10n_do_gov.gov_central_chart_template
gov_central_group_1101020008,1101020008,,TESORER�A NACIONAL - CUENTA �NICA DEL TESORO EN US$,l10n_do_gov.gov_central_chart_template
gov_central_group_11010200080001,11010200080001,,EFECTIVO EN LA CUENTA �NICA DEL TESORO EN US$,l10n_do_gov.gov_central_chart_template
gov_central_group_1101020009,1101020009,,TESORER�A NACIONAL - CUENTA �NICA DEL TESORO EN EURO EUR$,l10n_do_gov.gov_central_chart_template
gov_central_group_11010200090001,11010200090001,,EFECTIVO EN LA CUENTA �NICA DEL TESORO EN EURO EUR$,l10n_do_gov.gov_central_chart_template
gov_central_group_110103,110103,,DISPONIBILIDADES EN PODER DE LAS DAFS,l10n_do_gov.gov_central_chart_template
gov_central_group_1101030001,1101030001,,BANCO DE RESERVAS DE LA REPUBLICA DOMINICANA,l10n_do_gov.gov_central_chart_template
gov_central_group_11010300010020,11010300010020,,BANCO DE RESERVAS - CUENTAS DE PROYECTOS CON RECURSOS EXTERNOS,l10n_do_gov.gov_central_chart_template
gov_central_group_1101030002,1101030002,,BANCO CENTRAL DE LA REPUBLICA DOMINICANA,l10n_do_gov.gov_central_chart_template
gov_central_group_11010300020020,11010300020020,,BANCO CENTRAL CUENTAS DE PROYECTOS CON RECURSOS EXTERNOS,l10n_do_gov.gov_central_chart_template
gov_central_group_110104,110104,,BANCOS-FONDOS DE TERCEROS,l10n_do_gov.gov_central_chart_template
gov_central_group_1101040001,1101040001,,BANCO DE RESERVAS DE LA REPUBLICA DOMINICANA (EN RD$),l10n_do_gov.gov_central_chart_template
gov_central_group_1101040002,1101040002,,BANCO CENTRAL DE LA REPUBLICA DOMINICANA,l10n_do_gov.gov_central_chart_template
gov_central_group_1101040003,1101040003,,DEBITOS PENDIENTES DE CLASIFICACION,l10n_do_gov.gov_central_chart_template
gov_central_group_11010400030001,11010400030001,,DEBITO POR TRANSFERENCIA PENDIENTE DE CLASIFICACION,l10n_do_gov.gov_central_chart_template
gov_central_group_11010400030002,11010400030002,,DEBITOS FINANCIEROS PENDIENTES DE CLASIFICACION,l10n_do_gov.gov_central_chart_template
gov_central_group_110105,110105,,TRANSFERENCIAS PARA PAGOS,l10n_do_gov.gov_central_chart_template
gov_central_group_110106,110106,,EQUIVALENTES DE EFECTIVO,l10n_do_gov.gov_central_chart_template
gov_central_group_1101060001,1101060001,,DEP�SITOS A PLAZO FIJO,l10n_do_gov.gov_central_chart_template
gov_central_group_1102,1102,,INVERSIONES FINANCIERAS A CORTO PLAZO,l10n_do_gov.gov_central_chart_template
gov_central_group_110201,110201,,DEP�SITOS A PLAZO FIJO,l10n_do_gov.gov_central_chart_template
gov_central_group_1102010003,1102010003,,INVERSIONES FINANCIERAS A CORTO PLAZO,l10n_do_gov.gov_central_chart_template
gov_central_group_110202,110202,,TITULOS Y VALORES,l10n_do_gov.gov_central_chart_template
gov_central_group_110203,110203,,INVERSIONES TEMPORARIAS A DOCUMENTAR,l10n_do_gov.gov_central_chart_template
gov_central_group_1103,1103,,RENTAS POR RECAUDAR,l10n_do_gov.gov_central_chart_template
gov_central_group_110301,110301,,RENTAS POR RECAUDAR DE ORIGEN TRIBUTARIO,l10n_do_gov.gov_central_chart_template
gov_central_group_110302,110302,,RENTAS POR RECAUDAR DE DE ORIGEN NO TRIBUTARIO,l10n_do_gov.gov_central_chart_template
gov_central_group_110303,110303,,RENTAS GENERALES POR RECAUDAR,l10n_do_gov.gov_central_chart_template
gov_central_group_110399,110399,,PREVISION PARA RENTAS POR RECAUDAR,l10n_do_gov.gov_central_chart_template
gov_central_group_1104,1104,,CUENTAS Y DOCUMENTOS POR COBRAR A CORTO  PLAZO,l10n_do_gov.gov_central_chart_template
gov_central_group_110401,110401,,ANTICIPOS FINANCIEROS,l10n_do_gov.gov_central_chart_template
gov_central_group_1104010001,1104010001,,ANTICIPOS POR FONDOS EN AVANCES,l10n_do_gov.gov_central_chart_template
gov_central_group_1104010003,1104010003,,ANTICIPOS AL SECTOR PRIVADO,l10n_do_gov.gov_central_chart_template
gov_central_group_110402,110402,,CUENTAS DIRECTAS A COBRAR A CORTO PLAZO,l10n_do_gov.gov_central_chart_template
gov_central_group_110403,110403,,CUENTAS INDIRECTAS A COBRAR A CORTO PLAZO,l10n_do_gov.gov_central_chart_template
gov_central_group_110404,110404,,DOCUMENTOS DIRECTOS A COBRAR A CORTO  PLAZO,l10n_do_gov.gov_central_chart_template
gov_central_group_110405,110405,,DOCUMENTOS INDIRECTOS A COBRAR A CORTO  PLAZO,l10n_do_gov.gov_central_chart_template
gov_central_group_110406,110406,,PRESTAMOS DIRECTOS OTORGADOS A CORTO PLAZO,l10n_do_gov.gov_central_chart_template
gov_central_group_1104060998,1104060998,,OTROS PRESTAMOS DIRECTOS A COBRAR A CORTO PLAZO POR CLASIFICAR,l10n_do_gov.gov_central_chart_template
gov_central_group_110407,110407,,PRESTAMOS INDIRECTOS  A CORTO PLAZO,l10n_do_gov.gov_central_chart_template
gov_central_group_110408,110408,,TITULOS Y VALORES DIRECTOS POR COBRAR A  CORTO PLAZO,l10n_do_gov.gov_central_chart_template
gov_central_group_110409,110409,,TITULOS Y VALORES INDIRECTOS POR COBRAR A  CORTO PLAZO,l10n_do_gov.gov_central_chart_template
gov_central_group_110410,110410,,GASTOS PAGADOS POR ADELANTADO,l10n_do_gov.gov_central_chart_template
gov_central_group_1104100001,1104100001,,GASTOS PAGADOS POR ADELANTADO SEGUROS,l10n_do_gov.gov_central_chart_template
gov_central_group_1104100002,1104100002,,GASTOS PAGADOS POR ADELANTADO LICENCIAS,l10n_do_gov.gov_central_chart_template
gov_central_group_1104100003,1104100003,,GASTOS PAGADOS POR ADELANTADO ALQUILERES Y RENTAS,l10n_do_gov.gov_central_chart_template
gov_central_group_110411,110411,,TRANSFERENCIAS ENTRE ENTES A COBRAR,l10n_do_gov.gov_central_chart_template
gov_central_group_1104110001,1104110001,,TRANSFERENCIAS ENTRE ENTES DE INSTITUCIONES DESCENTRALIZADAS O AUTONOMAS,l10n_do_gov.gov_central_chart_template
gov_central_group_11041100010041,11041100010041,,TRANSFERENCIAS ENTRE ENTES  - INSTITUTO DOMINICANO DE AVIACION CIVIL,l10n_do_gov.gov_central_chart_template
gov_central_group_11041100010052,11041100010052,,TRANSFERENCIAS ENTRE ENTES - DIRECCI�N CENTRAL DEL SERVICIO DE SALUD,l10n_do_gov.gov_central_chart_template
gov_central_group_1104110002,1104110002,,TRANSFERENCIAS ENTRE ENTES DE INSTITUCIONES PUBLICAS DE LA SEGURIDAD SOCIAL,l10n_do_gov.gov_central_chart_template
gov_central_group_11041100020007,11041100020007,,TRANSFERENCIAS ENTRE ENTES  - CONSEJO NACIONAL DE LA SEGURIDAD SOCIAL,l10n_do_gov.gov_central_chart_template
gov_central_group_1104110003,1104110003,,TRANSFERENCIAS ENTRE ENTES DE EMPRESAS P�BLICAS NO FINANCIERAS,l10n_do_gov.gov_central_chart_template
gov_central_group_11041100030004,11041100030004,,TRANSFERENCIAS ENTRE ENTES- CORPORACI�N DOMINICANA DE EMPRESAS ELECTRICAS ESTATALES (CDEEE),l10n_do_gov.gov_central_chart_template
gov_central_group_110499,110499,,PREVISION PARA CUENTAS INCOBRABLES,l10n_do_gov.gov_central_chart_template
gov_central_group_1106,1106,,INVENTARIOS,l10n_do_gov.gov_central_chart_template
gov_central_group_1198,1198,,OTROS ACTIVOS,l10n_do_gov.gov_central_chart_template
gov_central_group_12,12,,ACTIVO NO CORRIENTE,l10n_do_gov.gov_central_chart_template
gov_central_group_1201,1201,,RENTAS A RECAUDAR A LARGO PLAZO,l10n_do_gov.gov_central_chart_template
gov_central_group_1202,1202,,CREDITOS A COBRAR A LARGO PLAZO,l10n_do_gov.gov_central_chart_template
gov_central_group_120202,120202,,CUENTAS  DIRECTAS POR COBRAR A LARGO PLAZO,l10n_do_gov.gov_central_chart_template
gov_central_group_120203,120203,,CUENTAS  INDIRECTAS POR COBRAR A LARGO PLAZO,l10n_do_gov.gov_central_chart_template
gov_central_group_120204,120204,,DOCUMENTOS DIRECTOS POR COBRAR A LARGO PLAZO,l10n_do_gov.gov_central_chart_template
gov_central_group_120205,120205,,DOCUMENTOS INDIRECTOS POR COBRAR A LARGO PLAZO,l10n_do_gov.gov_central_chart_template
gov_central_group_120206,120206,,PRESTAMOS DIRECTOS OTORGADOS A LARGO PLAZO,l10n_do_gov.gov_central_chart_template
gov_central_group_1202060998,1202060998,,OTROS PRESTAMOS DIRECTOS A COBRAR A LARGO PLAZO POR CLASIFICAR,l10n_do_gov.gov_central_chart_template
gov_central_group_120207,120207,,PRESTAMOS INDIRECTOS A COBRAR  A LARGO PLAZO,l10n_do_gov.gov_central_chart_template
gov_central_group_120298,120298,,OTROS EXIGIBLES A LARGO PLAZO,l10n_do_gov.gov_central_chart_template
gov_central_group_1203,1203,,INVERSIONES FINANCIERAS A LARGO PLAZO,l10n_do_gov.gov_central_chart_template
gov_central_group_120301,120301,,ACCIONES Y PARTICIPACIONES DE CAPITAL,l10n_do_gov.gov_central_chart_template
gov_central_group_1203010004,1203010004,,PARTICIPACIONES Y ACCIONES DEL SECTOR EXTERNO,l10n_do_gov.gov_central_chart_template
gov_central_group_1203010005,1203010005,,SECTOR PUBLICO NO FINANCIERO,l10n_do_gov.gov_central_chart_template
gov_central_group_1203010006,1203010006,,SECTOR PUBLICO FINANCIERO,l10n_do_gov.gov_central_chart_template
gov_central_group_1203010007,1203010007,,FIDEICOMISOS Y CONTRATOS EQUIVALENTES,l10n_do_gov.gov_central_chart_template
gov_central_group_120302,120302,,PARTICIPACIONES NETAS DE INSTITUCIONES DESCENTRALIZADAS Y AUTONOMAS,l10n_do_gov.gov_central_chart_template
gov_central_group_120303,120303,,TITULOS Y VALORES A  LARGO PLAZO,l10n_do_gov.gov_central_chart_template
gov_central_group_1203030005,1203030005,,OBLIGACIONES NEGOCIABLES,l10n_do_gov.gov_central_chart_template
gov_central_group_120304,120304,,Inversiones en Instrumentos Derivados a Largo Plazo,l10n_do_gov.gov_central_chart_template
gov_central_group_1203040001,1203040001,,Inversiones en Instrumentos Derivados a Largo Plazo,l10n_do_gov.gov_central_chart_template
gov_central_group_120309,120309,,APORTES DE CAPITAL POR CONSOLIDAR,l10n_do_gov.gov_central_chart_template
gov_central_group_1203090001,1203090001,,SECTOR PUBLICO NO FINANCIERO,l10n_do_gov.gov_central_chart_template
gov_central_group_1203090002,1203090002,,SECTOR PUBLICO FINANCIERO,l10n_do_gov.gov_central_chart_template
gov_central_group_120398,120398,,OTRAS INVERSIONES A LARGO PLAZO,l10n_do_gov.gov_central_chart_template
gov_central_group_120399,120399,,PREVISION PARA  PERDIDAS EN INVERSIONES A LARGO PLAZO,l10n_do_gov.gov_central_chart_template
gov_central_group_1206,1206,,BIENES DE USO,l10n_do_gov.gov_central_chart_template
gov_central_group_120601,120601,,"MAQUINARIAS, EQUIPOS Y MOBILIARIOS",l10n_do_gov.gov_central_chart_template
gov_central_group_1206010009,1206010009,,COMPRAS EN TRANSITO,l10n_do_gov.gov_central_chart_template
gov_central_group_120602,120602,,INMUEBLES,l10n_do_gov.gov_central_chart_template
gov_central_group_120603,120603,,CONSTRUCCIONES Y MEJORAS EN PROCESO,l10n_do_gov.gov_central_chart_template
gov_central_group_1206030999,1206030999,,CONSTRUCCIONES Y MEJORAS EN PROCESO POR CLASIFICAR,l10n_do_gov.gov_central_chart_template
gov_central_group_120604,120604,,CONSTRUCCIONES POR CONCESIONES EN PROCESO,l10n_do_gov.gov_central_chart_template
gov_central_group_120605,120605,,BIENES DE INFRAESTRUCTURA Y DE BENEFICIO Y USO P�BLICO,l10n_do_gov.gov_central_chart_template
gov_central_group_1206050001,1206050001,,V�AS DE COMUNICACI�N TERRESTRE,l10n_do_gov.gov_central_chart_template
gov_central_group_1206050002,1206050002,,V�AS DE COMUNICACI�N MAR�TIMAS,l10n_do_gov.gov_central_chart_template
gov_central_group_1206050003,1206050003,,V�AS DE COMUNICACI�N A�REO,l10n_do_gov.gov_central_chart_template
gov_central_group_1206050004,1206050004,,ESTRUCTURAS HIDROEL�CTRICAS,l10n_do_gov.gov_central_chart_template
gov_central_group_120698,120698,,OTROS BIENES DE USO,l10n_do_gov.gov_central_chart_template
gov_central_group_1206980005,1206980005,,BIENES BIOLOGICOS,l10n_do_gov.gov_central_chart_template
gov_central_group_120699,120699,,DEPRECIACION  DE BIENES EN USO,l10n_do_gov.gov_central_chart_template
gov_central_group_1208,1208,,BIENES INTANGIBLES,l10n_do_gov.gov_central_chart_template
gov_central_group_120801,120801,,ACTIVOS INTANGIBLES,l10n_do_gov.gov_central_chart_template
gov_central_group_1208010005,1208010005,,"LICENCIAS INFORMATICAS E INTELECTUALES, INDUSTRIALES Y COMERCIALES",l10n_do_gov.gov_central_chart_template
gov_central_group_120899,120899,,DEPRECIACION BIENES INTANGIBLES,l10n_do_gov.gov_central_chart_template
gov_central_group_1298,1298,,OTROS ACTIVOS NO CORRIENTES,l10n_do_gov.gov_central_chart_template
gov_central_group_129801,129801,,GASTOS PAGADOS POR ADELANTADO A LARGO PLAZO,l10n_do_gov.gov_central_chart_template
gov_central_group_129802,129802,,FIANZAS Y DEP�SITOS A LARGO PLAZO,l10n_do_gov.gov_central_chart_template
gov_central_group_129898,129898,,ACTIVOS DIVERSOS,l10n_do_gov.gov_central_chart_template
gov_central_group_2,2,,PASIVOS,l10n_do_gov.gov_central_chart_template
gov_central_group_21,21,,PASIVOS CORRIENTES,l10n_do_gov.gov_central_chart_template
gov_central_group_2101,2101,,OBLIGACIONES AUTORIZADAS PARA PAGO,l10n_do_gov.gov_central_chart_template
gov_central_group_210101,210101,,OBLIGACIONES PARA PAGO TESORERIA NACIONAL,l10n_do_gov.gov_central_chart_template
gov_central_group_210102,210102,,OBLIGACIONES PARA PAGO TESORERIA INSTITUCIONALES,l10n_do_gov.gov_central_chart_template
gov_central_group_2102,2102,,ANTICIPOS RECIBIDOS,l10n_do_gov.gov_central_chart_template
gov_central_group_210201,210201,,ANTICIPOS RECIBIDOS,l10n_do_gov.gov_central_chart_template
gov_central_group_2103,2103,,CUENTAS POR PAGAR A CORTO PLAZO,l10n_do_gov.gov_central_chart_template
gov_central_group_210301,210301,,GASTOS DE PERSONAL POR PAGAR,l10n_do_gov.gov_central_chart_template
gov_central_group_2103010001,2103010001,,SUELDOS Y JORNALES A PAGAR,l10n_do_gov.gov_central_chart_template
gov_central_group_21030100010001,21030100010001,,SUELDOS FIJOS A PAGAR,l10n_do_gov.gov_central_chart_template
gov_central_group_21030100010002,21030100010002,,SUELDOS FIJOS PERSONAL EN TRAMITES DE PENSION A PAGAR,l10n_do_gov.gov_central_chart_template
gov_central_group_21030100010003,21030100010003,,SUELDOS PERSONAL TEMPORERO A PAGAR,l10n_do_gov.gov_central_chart_template
gov_central_group_21030100010004,21030100010004,,COMPENSACIONES DIRECTAS AL PERSONAL A PAGAR,l10n_do_gov.gov_central_chart_template
gov_central_group_21030100010005,21030100010005,,JORNALES A PAGAR,l10n_do_gov.gov_central_chart_template
gov_central_group_2103010002,2103010002,,HONORARIOS A PAGAR,l10n_do_gov.gov_central_chart_template
gov_central_group_2103010003,2103010003,,DIETAS Y VIATICOS A PAGAR,l10n_do_gov.gov_central_chart_template
gov_central_group_21030100030001,21030100030001,,DIETAS A PAGAR,l10n_do_gov.gov_central_chart_template
gov_central_group_21030100030002,21030100030002,,VIATICOS A PAGAR,l10n_do_gov.gov_central_chart_template
gov_central_group_21030100030003,21030100030003,,GASTOS DE REPRESENTACION A PAGAR,l10n_do_gov.gov_central_chart_template
gov_central_group_2103010004,2103010004,,CONTRIBUCIONES A LA SEGURIDAD SOCIAL A PAGAR,l10n_do_gov.gov_central_chart_template
gov_central_group_2103010007,2103010007,,PRESTACIONES Y BONFICACIONES A PAGAR,l10n_do_gov.gov_central_chart_template
gov_central_group_21030100070002,21030100070002,,BONIFICACIONES Y GRATIFICACIONES A PAGAR,l10n_do_gov.gov_central_chart_template
gov_central_group_21030100070003,21030100070003,,PRESTACIONES LABORALES A PAGAR,l10n_do_gov.gov_central_chart_template
gov_central_group_21030100070004,21030100070004,,VACACIONES A PAGAR,l10n_do_gov.gov_central_chart_template
gov_central_group_210302,210302,,CUENTAS A PAGAR DIRECTAS A CORTO PLAZO,l10n_do_gov.gov_central_chart_template
gov_central_group_2103020001,2103020001,,PROVEEDORES DIRECTOS INTERNOS A PAGAR A CORTO PLAZO,l10n_do_gov.gov_central_chart_template
gov_central_group_21030200010001,21030200010001,,SERVICIOS DE COMUNICACI�N A PAGAR CORTO PLAZO,l10n_do_gov.gov_central_chart_template
gov_central_group_21030200010002,21030200010002,,SERVICIOS BASICOS A PAGAR CORTO PLAZO,l10n_do_gov.gov_central_chart_template
gov_central_group_21030200010003,21030200010003,,"PUBLICIDAD, IMPRESIONES Y ENCUADERNACIONES A PAGAR CORTO PLAZO",l10n_do_gov.gov_central_chart_template
gov_central_group_21030200010004,21030200010004,,SERVICIO DE TRANSPORTE Y ALMACENAJE A PAGAR C/P,l10n_do_gov.gov_central_chart_template
gov_central_group_21030200010005,21030200010005,,ALQUILERES A PAGAR CORTO PLAZO,l10n_do_gov.gov_central_chart_template
gov_central_group_21030200010006,21030200010006,,SEGUROS A PAGAR CORTO PLAZO,l10n_do_gov.gov_central_chart_template
gov_central_group_21030200010007,21030200010007,,"CONSERVACION, REPARACIONES MENORES Y CONSTRUCCIONES TEMPORALES A PAGAR CORTO PLAZO",l10n_do_gov.gov_central_chart_template
gov_central_group_21030200010008,21030200010008,,SERVICIOS DE MANTENIMIENTO Y REPARACION DE BIENES A PAGAR CORTO PLAZO,l10n_do_gov.gov_central_chart_template
gov_central_group_21030200010009,21030200010009,,OTROS SERVICIOS NO PERSONALES DE PROVEEDORES DIRECTOS INTERNOS A PAGAR CORTO PLAZO,l10n_do_gov.gov_central_chart_template
gov_central_group_21030200010010,21030200010010,,ALIMENTOS Y PRODUCTOS AGROFORESTALES A PAGAR CORTO PLAZO,l10n_do_gov.gov_central_chart_template
gov_central_group_21030200010011,21030200010011,,TEXTILES Y VESTUARIOS A PAGAR CORTO PLAZO,l10n_do_gov.gov_central_chart_template
gov_central_group_21030200010012,21030200010012,,"PRODUCTOS DE PAPEL, CARTON E IMPRESOS A PAGAR CORTO PLAZO",l10n_do_gov.gov_central_chart_template
gov_central_group_21030200010013,21030200010013,,"COMBUSTIBLES, LUBRICANTES, PRODUCTOS QUIMICOS Y CONEXOS A PAGAR CORTO PLAZO",l10n_do_gov.gov_central_chart_template
gov_central_group_21030200010014,21030200010014,,"PRODUCTOS DE CUERO, CAUCHO Y PLASTICO A PAGAR CORTO PLAZO",l10n_do_gov.gov_central_chart_template
gov_central_group_21030200010015,21030200010015,,PRODUCTOS  DE MINERALES  METALICOS Y NO METALICOS A PAGAR CORTO PLAZO,l10n_do_gov.gov_central_chart_template
gov_central_group_21030200010016,21030200010016,,PRODUCTOS Y UTILES VARIOS   A PAGAR CORTO PLAZO,l10n_do_gov.gov_central_chart_template
gov_central_group_21030200010017,21030200010017,,MAQUINARIA Y EQUIPO DE PRODUCCION A PAGAR CORTO PLAZO,l10n_do_gov.gov_central_chart_template
gov_central_group_21030200010018,21030200010018,,"EQUIPO EDUCACIONAL, CIENTIFICOS Y RECREATIVOS  A PAGAR CORTO PLAZO",l10n_do_gov.gov_central_chart_template
gov_central_group_21030200010019,21030200010019,,"EQUIPO DE TRANSPORTE, TRACCION Y ELEVACION A PAGAR A PAGAR CORTO PLAZO",l10n_do_gov.gov_central_chart_template
gov_central_group_21030200010021,21030200010021,,"EQUIPOS MEDICOS, SANITARIOS Y VETERINARIOS A PAGAR CORTO PLAZO",l10n_do_gov.gov_central_chart_template
gov_central_group_21030200010022,21030200010022,,EQUIPO DE COMUNICACION Y SE�ALAMIENTO A PAGAR CORTO PLAZO,l10n_do_gov.gov_central_chart_template
gov_central_group_21030200010023,21030200010023,,EQUIPOS Y MUEBLES PARA OFICINA A PAGAR CORTO PLAZO,l10n_do_gov.gov_central_chart_template
gov_central_group_21030200010025,21030200010025,,EQUIPOS DE SEGURIDAD A PAGAR,l10n_do_gov.gov_central_chart_template
gov_central_group_21030200010026,21030200010026,,SEMOVIENTES A PAGAR CORTO PLAZO,l10n_do_gov.gov_central_chart_template
gov_central_group_21030200010027,21030200010027,,OBRAS DE ARTE Y ELEMENTOS COLECCIONABLES A PAGAR CORTO PLAZO,l10n_do_gov.gov_central_chart_template
gov_central_group_21030200010028,21030200010028,,BIENES BIOLOGICOS A PAGAR CORTO PLAZO,l10n_do_gov.gov_central_chart_template
gov_central_group_21030200010029,21030200010029,,MARCAS Y PATENTES A PAGAR CORTO PLAZO,l10n_do_gov.gov_central_chart_template
gov_central_group_21030200010031,21030200010031,,PAQUETES Y PROGRAMAS DE COMPUTACI�N A PAGAR CORTO PLAZO,l10n_do_gov.gov_central_chart_template
gov_central_group_21030200010032,21030200010032,,ESTUDIOS Y PROYECTOS A PAGAR CORTO PLAZO,l10n_do_gov.gov_central_chart_template
gov_central_group_21030200010033,21030200010033,,"LICENCIAS INFORMATICAS E INTELECTUALES, INDUSTRIALES Y COMERCIALES A PAGAR CORTO PLAZO",l10n_do_gov.gov_central_chart_template
gov_central_group_21030200010036,21030200010036,,TERRENOS URBANOS A PAGAR CORTO PLAZO,l10n_do_gov.gov_central_chart_template
gov_central_group_21030200010037,21030200010037,,TERRENOS RURALES A PAGAR CORTO PLAZO,l10n_do_gov.gov_central_chart_template
gov_central_group_21030200010038,21030200010038,,EDIFICIOS A PAGAR CORTO PLAZO,l10n_do_gov.gov_central_chart_template
gov_central_group_2103020002,2103020002,,PROVEEDORES DIRECTOS EXTERNOS A PAGAR  A CORTO PLAZO,l10n_do_gov.gov_central_chart_template
gov_central_group_21030200020001,21030200020001,,SERVICIOS DE COMUNICACI�N A PAGAR CORTO PLAZO,l10n_do_gov.gov_central_chart_template
gov_central_group_21030200020002,21030200020002,,SERVICIOS BASICOS A PAGAR CORTO PLAZO,l10n_do_gov.gov_central_chart_template
gov_central_group_21030200020003,21030200020003,,PUBLICIDAD IMPRESIONES Y ENCUADERNACIONES A PAGAR CORTO PLAZO,l10n_do_gov.gov_central_chart_template
gov_central_group_21030200020004,21030200020004,,SERVICIO DE TRANSPORTE Y ALMACENAJE A PAGAR C/P,l10n_do_gov.gov_central_chart_template
gov_central_group_21030200020005,21030200020005,,ALQUILERES A PAGAR CORTO PLAZO,l10n_do_gov.gov_central_chart_template
gov_central_group_21030200020006,21030200020006,,SEGUROS A PAGAR CORTO PLAZO,l10n_do_gov.gov_central_chart_template
gov_central_group_21030200020007,21030200020007,,"CONSERVACION, REPARACIONES MENORES Y CONSTRUCCIONES TEMPORALES A PAGAR CORTO PLAZO",l10n_do_gov.gov_central_chart_template
gov_central_group_21030200020008,21030200020008,,SERVICIOS DE MANTENIMIENTO Y REPARACION DE BIENES A PAGAR CORTO PLAZO,l10n_do_gov.gov_central_chart_template
gov_central_group_21030200020009,21030200020009,,OTROS SERVICIOS NO PERSONALES A PAGAR CORTO PLAZO,l10n_do_gov.gov_central_chart_template
gov_central_group_21030200020010,21030200020010,,ALIMENTOS Y PRODUCTOS AGROFORESTALES A PAGAR CORTO PLAZO,l10n_do_gov.gov_central_chart_template
gov_central_group_21030200020011,21030200020011,,TEXTILES Y VESTUARIOS A PAGAR CORTO PLAZO,l10n_do_gov.gov_central_chart_template
gov_central_group_21030200020012,21030200020012,,"PRODUCTOS DE PAPEL, CARTON E IMPRESOS A PAGAR CORTO PLAZO",l10n_do_gov.gov_central_chart_template
gov_central_group_21030200020013,21030200020013,,"COMBUSTIBLES, LUBRICANTES, PRODUCTOS QUIMICOS Y CONEXOS A PAGAR CORTO PLAZO",l10n_do_gov.gov_central_chart_template
gov_central_group_21030200020014,21030200020014,,"PRODUCTOS DE CUERO, CAUCHO Y PLASTICO A PAGAR CORTO PLAZO",l10n_do_gov.gov_central_chart_template
gov_central_group_21030200020015,21030200020015,,PRODUCTOS  DE MINERALES  METALICOS Y NO METALICOS A PAGAR CORTO PLAZO,l10n_do_gov.gov_central_chart_template
gov_central_group_21030200020016,21030200020016,,PRODUCTOS Y UTILES VARIOS A PAGAR CORTO PLAZO,l10n_do_gov.gov_central_chart_template
gov_central_group_21030200020017,21030200020017,,MAQUINARIA Y EQUIPO DE PRODUCCION A PAGAR CORTO PLAZO,l10n_do_gov.gov_central_chart_template
gov_central_group_21030200020018,21030200020018,,"EQUIPO EDUCACIONAL, CIENTIFICOS Y RECREATIVOS A PAGAR CORTO PLAZO",l10n_do_gov.gov_central_chart_template
gov_central_group_21030200020019,21030200020019,,"EQUIPO DE TRANSPORTE, TRACCION Y ELEVACION A PAGAR A PAGAR CORTO PLAZO",l10n_do_gov.gov_central_chart_template
gov_central_group_21030200020021,21030200020021,,"EQUIPOS MEDICOS, SANITARIOS Y VETERINARIOS A PAGAR CORTO PLAZO",l10n_do_gov.gov_central_chart_template
gov_central_group_21030200020022,21030200020022,,EQUIPO DE COMUNICACION Y SE�ALAMIENTO A PAGAR CORTO PLAZO,l10n_do_gov.gov_central_chart_template
gov_central_group_21030200020023,21030200020023,,EQUIPOS Y MUEBLES PARA OFICINA A PAGAR CORTO PLAZO,l10n_do_gov.gov_central_chart_template
gov_central_group_21030200020025,21030200020025,,EQUIPOS DE SEGURIDAD A PAGAR,l10n_do_gov.gov_central_chart_template
gov_central_group_21030200020026,21030200020026,,SEMOVIENTES A PAGAR CORTO PLAZO,l10n_do_gov.gov_central_chart_template
gov_central_group_21030200020027,21030200020027,,OBRAS DE ARTE Y ELEMENTOS COLECCIONABLES A PAGAR CORTO PLAZO,l10n_do_gov.gov_central_chart_template
gov_central_group_21030200020028,21030200020028,,BIENES BIOLOGICOS A PAGAR CORTO PLAZO,l10n_do_gov.gov_central_chart_template
gov_central_group_21030200020029,21030200020029,,MARCAS Y PATENTES A PAGAR CORTO PLAZO,l10n_do_gov.gov_central_chart_template
gov_central_group_21030200020031,21030200020031,,PAQUETES Y PROGRAMAS DE COMPUTACI�N A PAGAR CORTO PLAZO,l10n_do_gov.gov_central_chart_template
gov_central_group_21030200020032,21030200020032,,ESTUDIOS Y PROYECTOS A PAGAR CORTO PLAZO,l10n_do_gov.gov_central_chart_template
gov_central_group_21030200020033,21030200020033,,"LICENCIAS INFORMATICAS E INTELECTUALES, INDUSTRIALES Y COMERCIALES A PAGAR CORTO PLAZO",l10n_do_gov.gov_central_chart_template
gov_central_group_21030200020036,21030200020036,,TERRENOS URBANOS A PAGAR CORTO PLAZO,l10n_do_gov.gov_central_chart_template
gov_central_group_21030200020037,21030200020037,,TERRENOS RURALES A PAGAR CORTO,l10n_do_gov.gov_central_chart_template
gov_central_group_21030200020038,21030200020038,,EDIFICIOS A PAGAR CORTO PLAZO,l10n_do_gov.gov_central_chart_template
gov_central_group_210303,210303,,CUENTAS   A PAGAR INDIRECTAS A CORTO PLAZO,l10n_do_gov.gov_central_chart_template
gov_central_group_210304,210304,,CONTRATISTAS DIRECTOS A PAGAR A CORTO PLAZO,l10n_do_gov.gov_central_chart_template
gov_central_group_2103040001,2103040001,,CONTRATISTAS DIRECTOS INTERNOS A PAGAR A CORTO PLAZO,l10n_do_gov.gov_central_chart_template
gov_central_group_21030400010001,21030400010001,,VIAS DE COMUNICACI�N A PAGAR,l10n_do_gov.gov_central_chart_template
gov_central_group_21030400010005,21030400010005,,EDIFICACIONES A PAGAR,l10n_do_gov.gov_central_chart_template
gov_central_group_21030400010998,21030400010998,,OTRAS CONSTRUCCIONES Y MEJORAS EN PROCESO A PAGAR,l10n_do_gov.gov_central_chart_template
gov_central_group_21030400010999,21030400010999,,CONSTRUCIONES POR CONCESIONES DE BIENES DE USO A PAGAR,l10n_do_gov.gov_central_chart_template
gov_central_group_2103040002,2103040002,,CONTRATISTAS DIRECTOS EXTERNOS A PAGAR A CORTO PLAZO,l10n_do_gov.gov_central_chart_template
gov_central_group_21030400020001,21030400020001,,VIAS DE COMUNICACI�N A PAGAR,l10n_do_gov.gov_central_chart_template
gov_central_group_21030400020005,21030400020005,,EDIFICACIONES DE CONTRATISTAS DIRECTOS EXTERNOS A PAGAR A CORTO PLAZO,l10n_do_gov.gov_central_chart_template
gov_central_group_21030400020998,21030400020998,,OTRAS CONSTRUCCIONES Y MEJORAS EN PROCESO A PAGAR,l10n_do_gov.gov_central_chart_template
gov_central_group_21030400020999,21030400020999,,CONSTRUCIONES POR CONCESIONES DE BIENES DE USO A PAGAR,l10n_do_gov.gov_central_chart_template
gov_central_group_210305,210305,,CONTRATISTAS INDIRECTOS A PAGAR A CORTO PLAZO,l10n_do_gov.gov_central_chart_template
gov_central_group_210306,210306,,DEDUCCIONES Y RETENCIONES POR PAGAR,l10n_do_gov.gov_central_chart_template
gov_central_group_210307,210307,,INTERESES  A PAGAR,l10n_do_gov.gov_central_chart_template
gov_central_group_2103070001,2103070001,,INTERESES DE DEUDA INTERNA  A PAGAR,l10n_do_gov.gov_central_chart_template
gov_central_group_2103070002,2103070002,,INTERESES EXTERNOS A PAGAR,l10n_do_gov.gov_central_chart_template
gov_central_group_210308,210308,,COMISIONES Y CARGOS BANCARIOS A PAGAR,l10n_do_gov.gov_central_chart_template
gov_central_group_210311,210311,,TRANSFERENCIAS Y DONACIONES A PAGAR,l10n_do_gov.gov_central_chart_template
gov_central_group_2103110001,2103110001,,PRESTACIONES DE LA SEGURIDAD SOCIAL A PAGAR,l10n_do_gov.gov_central_chart_template
gov_central_group_21031100010001,21031100010001,,PENSIONES Y JUBILACIONES A PAGAR,l10n_do_gov.gov_central_chart_template
gov_central_group_2103110002,2103110002,,TRANSFERENCIAS AL SECTOR PRIVADO A PAGAR,l10n_do_gov.gov_central_chart_template
gov_central_group_2103110003,2103110003,,TRANSFERENCIAS AL SECTOR PUBLICO A PAGAR,l10n_do_gov.gov_central_chart_template
gov_central_group_21031100030001,21031100030001,,TRANSFERENCIAS A INSTITUCIONES DEL GOBIERNO CENTRAL A PAGAR,l10n_do_gov.gov_central_chart_template
gov_central_group_21031100030002,21031100030002,,TRANSFERENCIAS CORRIENTES A INSTITUCIONES DESCENTRALIZADAS Y AUT�NOMAS NO FINANCIERAS A PAGAR,l10n_do_gov.gov_central_chart_template
gov_central_group_21031100030003,21031100030003,,TRANSFERENCIAS CORRIENTES A INSTITUCIONES P�BLICAS DE LA SEGURIDAD SOCIAL A PAGAR,l10n_do_gov.gov_central_chart_template
gov_central_group_21031100030004,21031100030004,,TRANSFERENCIAS CORRIENTES A GOBIERNOS CENTRALES MUNICIPALES A PAGAR,l10n_do_gov.gov_central_chart_template
gov_central_group_21031100030005,21031100030005,,TRANSFERENCIAS CORRIENTES A INSTITUCIONES DESCENTRALIZADAS MUNICIPALES A PAGAR,l10n_do_gov.gov_central_chart_template
gov_central_group_21031100030006,21031100030006,,TRANSFERENCIAS CORRIENTES A EMPRESAS P�BLICAS NO FINANCIERAS NACIONALES A PAGAR,l10n_do_gov.gov_central_chart_template
gov_central_group_21031100030007,21031100030007,,TRANSFERENCIAS CORRIENTES A EMPRESAS P�BLICAS NO FINANCIERAS MUNICIPALES A PAGAR,l10n_do_gov.gov_central_chart_template
gov_central_group_21031100030008,21031100030008,,TRANSFERENCIAS CORRIENTES A INSTITUCIONES P�BLICAS FINANCIERAS NO MONETARIAS A PAGAR,l10n_do_gov.gov_central_chart_template
gov_central_group_21031100030009,21031100030009,,TRANSFERENCIAS CORRIENTES A INSTITUCIONES P�BLICAS FINANCIERAS MONETARIAS A PAGAR,l10n_do_gov.gov_central_chart_template
gov_central_group_21031100030010,21031100030010,,TRANSFERENCIAS CORRIENTES A OTRAS INSTITUCIONES P�BLICAS A PAGAR,l10n_do_gov.gov_central_chart_template
gov_central_group_2103110004,2103110004,,TRANSFERENCIAS Y DONACIONES  AL SECTOR EXTERNO A PAGAR,l10n_do_gov.gov_central_chart_template
gov_central_group_2103110007,2103110007,,TRANSFERENCIAS DE CAPITAL AL SECTOR PRIVADO A PAGAR,l10n_do_gov.gov_central_chart_template
gov_central_group_21031100070001,21031100070001,,TRANSFERENCIAS DE CAPITAL A EMPRESAS DEL SECTOR PRIVADO A PAGAR,l10n_do_gov.gov_central_chart_template
gov_central_group_2103110008,2103110008,,TRANSFERENCIAS DE CAPITAL AL SECTOR PUBLICO A PAGAR,l10n_do_gov.gov_central_chart_template
gov_central_group_21031100080001,21031100080001,,TRANSFERENCIAS DE CAPITAL A LA ADMINISTRACION CENTRAL,l10n_do_gov.gov_central_chart_template
gov_central_group_21031100080002,21031100080002,,TRANSFERENCIAS DE CAPITAL A INSTITUCIONES PUBLICAS DESCENTRALIZADAS Y AUTONOMAS A PAGAR,l10n_do_gov.gov_central_chart_template
gov_central_group_21031100080003,21031100080003,,TRANSFERENCIAS DE CAPITAL A INSTITUCIONES DE LA SEGURIDAD SOCIAL A PAGAR,l10n_do_gov.gov_central_chart_template
gov_central_group_21031100080004,21031100080004,,TRANSFERENCIAS DE CAPITAL A MUNICIPIOS A PAGAR,l10n_do_gov.gov_central_chart_template
gov_central_group_21031100080005,21031100080005,,TRANSFERENCIAS DE CAPITAL A EMPRESAS PUBLICAS NO FINANCIERAS A PAGAR,l10n_do_gov.gov_central_chart_template
gov_central_group_21031100080006,21031100080006,,TRANSFERENCIAS DE CAPITAL A INSTITUCIONES PUBLICAS FINANCIERAS A PAGAR,l10n_do_gov.gov_central_chart_template
gov_central_group_21031100080007,21031100080007,,TRANSFERENCIAS DE CAPITAL A OTRAS INSTITUCIONES PUBLICAS A PAGAR,l10n_do_gov.gov_central_chart_template
gov_central_group_21031100080008,21031100080008,,INSTITUCIONES DESCENTRALIZADAS DE GOBIERNOS LOCALES A PAGAR,l10n_do_gov.gov_central_chart_template
gov_central_group_21031100080009,21031100080009,,INSTITUCIONES PUBLICAS FINANCIERAS NO MONETARIAS A PAGAR,l10n_do_gov.gov_central_chart_template
gov_central_group_2103110009,2103110009,,TRANSFERENCIAS DE CAPITAL AL SECTOR EXTERNO A PAGAR,l10n_do_gov.gov_central_chart_template
gov_central_group_210312,210312,,APORTES DE CAPITAL POR PAGAR,l10n_do_gov.gov_central_chart_template
gov_central_group_210313,210313,,CUENTAS POR PAGAR A CORTO PLAZO POR PRIMAS EN RECOMPRA DE T�TULOS Y VALORES,l10n_do_gov.gov_central_chart_template
gov_central_group_210398,210398,,OTRAS CUENTAS A PAGAR A CORTO PLAZO,l10n_do_gov.gov_central_chart_template
gov_central_group_2104,2104,,PASIVOS A LARGO PLAZO- PORCION CORRIENTE,l10n_do_gov.gov_central_chart_template
gov_central_group_210401,210401,,CUENTAS DIRECTAS A PAGAR A LARGO PLAZO - PORCION CORRIENTE,l10n_do_gov.gov_central_chart_template
gov_central_group_210402,210402,,CUENTAS INDIRECTAS A PAGAR A LARGO PLAZO - PORCION CORRIENTE,l10n_do_gov.gov_central_chart_template
gov_central_group_210405,210405,,PRESTAMOS DIRECTOS A PAGAR A LARGO PLAZO- PORCION CORRIENTE,l10n_do_gov.gov_central_chart_template
gov_central_group_210406,210406,,PRESTAMOS INDIRECTOS A PAGAR A LARGO PLAZO- PORCION CORRIENTE,l10n_do_gov.gov_central_chart_template
gov_central_group_210407,210407,,TITULOS Y VALORES DIRECTOS A PAGAR A LARGO PLAZO- PORCION CORRIENTE,l10n_do_gov.gov_central_chart_template
gov_central_group_210408,210408,,TITULOS Y VALORES INDIRECTOS A PAGAR A LARGO PLAZO- PORCION CORRIENTE,l10n_do_gov.gov_central_chart_template
gov_central_group_210409,210409,,PORCION CORRIENTE  FONDO REPONIBLE A LARGO PLAZO - PORCION CORRIENTE,l10n_do_gov.gov_central_chart_template
gov_central_group_210498,210498,,OTROS PASIVOS A LARGO PLAZO POR CLASIFICAR - PORCION CORRIENTE,l10n_do_gov.gov_central_chart_template
gov_central_group_2105,2105,,DOCUMENTOS  INTERNOS A PAGAR A CORTO PLAZO,l10n_do_gov.gov_central_chart_template
gov_central_group_210501,210501,,DOCUMENTOS INTERNOS DIRECTOS  A PAGAR A CORTO PLAZO,l10n_do_gov.gov_central_chart_template
gov_central_group_210502,210502,,DOCUMENTOS INTERNOS INDIRECTOS  A PAGAR A CORTO PLAZO,l10n_do_gov.gov_central_chart_template
gov_central_group_2106,2106,,DOCUMENTOS EXTERNOS A PAGAR A CORTO PLAZO,l10n_do_gov.gov_central_chart_template
gov_central_group_210601,210601,,DOCUMENTOS EXTERNOS DIRECTOS A PAGAR A CORTO PLAZO,l10n_do_gov.gov_central_chart_template
gov_central_group_210602,210602,,DOCUMENTOS EXTERNOS INDIRECTOS A PAGAR A CORTO PLAZO,l10n_do_gov.gov_central_chart_template
gov_central_group_2107,2107,,PRESTAMOS INTERNOS A PAGAR A CORTO PLAZO,l10n_do_gov.gov_central_chart_template
gov_central_group_210701,210701,,PRESTAMOS INTERNOS DIRECTOS A PAGAR A CORTO PLAZO,l10n_do_gov.gov_central_chart_template
gov_central_group_210702,210702,,PRESTAMOS INTERNOS INDIRECTOS A PAGAR A CORTO PLAZO,l10n_do_gov.gov_central_chart_template
gov_central_group_2108,2108,,PRESTAMOS EXTERNOS A PAGAR A CORTO PLAZO,l10n_do_gov.gov_central_chart_template
gov_central_group_210801,210801,,PRESTAMOS EXTERNOS DIRECTOS A PAGAR A CORTO PLAZO,l10n_do_gov.gov_central_chart_template
gov_central_group_210802,210802,,PRESTAMOS EXTERNOS INDIRECTOS A PAGAR A CORTO PLAZO,l10n_do_gov.gov_central_chart_template
gov_central_group_210803,210803,,DEUDA PUBLICA EXTERNA DIRECTA RENEGOCIADA A PAGAR A CORTO PLAZO,l10n_do_gov.gov_central_chart_template
gov_central_group_210804,210804,,DEUDA PUBLICA EXTERNA INDIRECTA RENEGOCIADA A PAGAR A CORTO PLAZO,l10n_do_gov.gov_central_chart_template
gov_central_group_210898,210898,,OTROS PRESTAMOS EXTERNOS A PAGAR A CORTO PLAZO,l10n_do_gov.gov_central_chart_template
gov_central_group_2109,2109,,TITULOS Y VALORES A PAGAR A CORTO PLAZO,l10n_do_gov.gov_central_chart_template
gov_central_group_210901,210901,,TITULOS Y VALORES DIRECTOS A PAGAR A CORTO PLAZO,l10n_do_gov.gov_central_chart_template
gov_central_group_210902,210902,,TITULOS Y VALORES INDIRECTOS A PAGAR A CORTO PLAZO,l10n_do_gov.gov_central_chart_template
gov_central_group_2110,2110,,ANTICIPOS DE INSTITUCIONES A RENDIR,l10n_do_gov.gov_central_chart_template
gov_central_group_211002,211002,,FONDOS EN AVANCES  A RENDIR,l10n_do_gov.gov_central_chart_template
gov_central_group_211003,211003,,FONDOS EN AVANCES  A REGULARIZAR,l10n_do_gov.gov_central_chart_template
gov_central_group_211098,211098,,OTROS ANTICIPOS,l10n_do_gov.gov_central_chart_template
gov_central_group_2111,2111,,FONDOS DE TERCEROS A PAGAR,l10n_do_gov.gov_central_chart_template
gov_central_group_211101,211101,,FONDOS EN GARANTIA A PAGAR A CORTO PLAZO,l10n_do_gov.gov_central_chart_template
gov_central_group_2111010001,2111010001,,FIANZAS Y DEPOSITOS EN GARANTIA,l10n_do_gov.gov_central_chart_template
gov_central_group_211102,211102,,FONDOS EN CONSIGNACION A PAGAR A CORTO PLAZO,l10n_do_gov.gov_central_chart_template
gov_central_group_2111020002,2111020002,,INGRESOS PENDIENTES DE CLASIFICACION,l10n_do_gov.gov_central_chart_template
gov_central_group_21110200020001,21110200020001,,AVISOS DE CREDITOS FINANCIEROS POR CLASIFICAR,l10n_do_gov.gov_central_chart_template
gov_central_group_21110200020002,21110200020002,,TRANSFERENCIAS PENDIENTE POR CLASIFICAR,l10n_do_gov.gov_central_chart_template
gov_central_group_211103,211103,,RECLAMACIONES A PAGAR A CORTO PLAZO,l10n_do_gov.gov_central_chart_template
gov_central_group_211104,211104,,FONDOS EN GARANTIA A PAGAR A LARGO PLAZO - PORCION CORRIENTE,l10n_do_gov.gov_central_chart_template
gov_central_group_211105,211105,,FONDOS EN CONSIGNACION A PAGAR A LARGO PLAZO - PORCION CORRIENTE,l10n_do_gov.gov_central_chart_template
gov_central_group_211106,211106,,FONDOS POR RECLAMACIONES A  PAGAR A LARGO PLAZO - PORCION CORRIENTE,l10n_do_gov.gov_central_chart_template
gov_central_group_211107,211107,,COMPROBANTES EN PROCESO DE PAGOS,l10n_do_gov.gov_central_chart_template
gov_central_group_2111070001,2111070001,,COMPROBANTE EN PROCESO DE PAGO EN PESOS,l10n_do_gov.gov_central_chart_template
gov_central_group_2111070002,2111070002,,COMROBANTE EN PROCESO DE PAGOS DOLARES,l10n_do_gov.gov_central_chart_template
gov_central_group_2111070003,2111070003,,COMPROBANTES EN PROCESO DE PAGOS EUROS,l10n_do_gov.gov_central_chart_template
gov_central_group_211108,211108,,FONDOS DE TERCEROS EN LA CUT,l10n_do_gov.gov_central_chart_template
gov_central_group_2111080001,2111080001,,DEP�SITOS DE INSTITUCIONES DESCENTRALIZADAS O AUTONOMAS EN LA CUT,l10n_do_gov.gov_central_chart_template
gov_central_group_21110800010041,21110800010041,,DEP�SITOS EN LA CUT - INSTITUTO DOMINICANO DE AVIACION CIVIL,l10n_do_gov.gov_central_chart_template
gov_central_group_21110800010052,21110800010052,,DEP�SITOS EN LA CUT - DIRECCI�N CENTRAL DEL SERVICIO NACIONAL DE SALUD,l10n_do_gov.gov_central_chart_template
gov_central_group_2111080002,2111080002,,DEP�SITOS DE INSTITUCIONES PUBLICAS DE LA SEGURIDAD SOCIAL EN LA CUT,l10n_do_gov.gov_central_chart_template
gov_central_group_21110800020007,21110800020007,,DEP�SITOS EN LA CUT - CONSEJO NACIONAL DE LA SEGURIDAD SOCIAL,l10n_do_gov.gov_central_chart_template
gov_central_group_2111080003,2111080003,,TRANSFERENCIA ENTRE ENTES POR CLASIFICAR,l10n_do_gov.gov_central_chart_template
gov_central_group_2111080004,2111080004,,DEP�SITOS DE EMPRESAS P�BLICAS NO FINANCIERAS EN LA CUT,l10n_do_gov.gov_central_chart_template
gov_central_group_21110800040004,21110800040004,,DEP�SITOS EN LA CUT - DEP�SITOS EN LA CUT - CORPORACI�N DOMINICANA DE EMPRESAS ELECTRICAS ESTATALES (CDEEE),l10n_do_gov.gov_central_chart_template
gov_central_group_211198,211198,,OTROS FONDOS DE TERCEROS,l10n_do_gov.gov_central_chart_template
gov_central_group_2112,2112,,CREDITOS IMPOSITIVOS A CORTO PLAZO,l10n_do_gov.gov_central_chart_template
gov_central_group_2189,2189,,DEUDA PUBLICA CORRIENTE A�OS  ANTERIORES,l10n_do_gov.gov_central_chart_template
gov_central_group_218901,218901,,DEUDA PUBLICA DIRECTA INTERNA CORRIENTE A�OS ANTERIORES,l10n_do_gov.gov_central_chart_template
gov_central_group_218902,218902,,DEUDA PUBLICA DIRECTA EXTERNA CORRIENTE  A�OS ANTERIORES,l10n_do_gov.gov_central_chart_template
gov_central_group_218903,218903,,DEUDA ADMINISTRATIVA,l10n_do_gov.gov_central_chart_template
gov_central_group_2198,2198,,OTROS PASIVOS CORRIENTES,l10n_do_gov.gov_central_chart_template
gov_central_group_219801,219801,,PASIVOS CONTIGENTES DE CORTO PLAZO,l10n_do_gov.gov_central_chart_template
gov_central_group_219802,219802,,PROVISION DE NOMINA A PAGAR,l10n_do_gov.gov_central_chart_template
gov_central_group_219803,219803,,OTROS PASIVOS CORRIENTES POR CLASIFICAR,l10n_do_gov.gov_central_chart_template
gov_central_group_22,22,,PASIVO NO CORRIENTE,l10n_do_gov.gov_central_chart_template
gov_central_group_2201,2201,,CUENTAS INTERNAS  A  PAGAR   A LARGO PLAZO,l10n_do_gov.gov_central_chart_template
gov_central_group_220101,220101,,CUENTAS INTERNAS DIRECTAS A PAGAR A L. PLAZO,l10n_do_gov.gov_central_chart_template
gov_central_group_220102,220102,,CUENTAS  INTERNAS INDIRECTAS A PAGAR A L. PLAZO,l10n_do_gov.gov_central_chart_template
gov_central_group_2202,2202,,CUENTAS  EXTERNAS A  PAGAR  A LARGO PLAZO,l10n_do_gov.gov_central_chart_template
gov_central_group_220201,220201,,CUENTAS EXTERNAS DIRECTAS A PAGAR A LARGO PLAZO,l10n_do_gov.gov_central_chart_template
gov_central_group_220202,220202,,CUENTAS EXTERNAS INDIRECTAS A PAGAR A LARGO PLAZO,l10n_do_gov.gov_central_chart_template
gov_central_group_2203,2203,,DOCUMENTOS INTERNOS A PAGAR A LARGO PLAZO,l10n_do_gov.gov_central_chart_template
gov_central_group_220301,220301,,DOCUMENTOS INTERNOS DIRECTOS A PAGAR A LARGO PLAZO,l10n_do_gov.gov_central_chart_template
gov_central_group_220302,220302,,DOCUMENTOS INTERNOS INDIRECTOS A PAGAR A LARGO PLAZO,l10n_do_gov.gov_central_chart_template
gov_central_group_2204,2204,,DOCUMENTOS EXTERNOS A PAGAR A LARGO PLAZO,l10n_do_gov.gov_central_chart_template
gov_central_group_220401,220401,,DOCUMENTOS EXTERNOS DIRECTOS A PAGAR A LARGO PLAZO,l10n_do_gov.gov_central_chart_template
gov_central_group_220402,220402,,DOCUMENTOS EXTERNOS INDIRECTOS A PAGAR A LARGO PLAZO,l10n_do_gov.gov_central_chart_template
gov_central_group_2205,2205,,PRESTAMOS INTERNOS  A PAGAR A LARGO PLAZO,l10n_do_gov.gov_central_chart_template
gov_central_group_220501,220501,,PRESTAMOS INTERNOS DIRECTOS A PAGAR A LARGO PLAZO,l10n_do_gov.gov_central_chart_template
gov_central_group_220502,220502,,PRESTAMOS INTERNOS INDIRECTOS A PAGAR A LARGO PLAZO,l10n_do_gov.gov_central_chart_template
gov_central_group_2206,2206,,PRESTAMOS EXTERNOS A PAGAR A LARGO PLAZO,l10n_do_gov.gov_central_chart_template
gov_central_group_220601,220601,,PRESTAMOS EXTERNOS DIRECTOS A PAGAR A LARGO PLAZO,l10n_do_gov.gov_central_chart_template
gov_central_group_220602,220602,,PRESTAMOS EXTERNOS INDIRECTOS A PAGAR A LARGO PLAZO,l10n_do_gov.gov_central_chart_template
gov_central_group_2207,2207,,TITULOS Y VALORES A  PAGAR A LARGO PLAZO,l10n_do_gov.gov_central_chart_template
gov_central_group_220701,220701,,TITULOS Y VALORES DIRECTOS A PAGAR A LARGO PLAZO,l10n_do_gov.gov_central_chart_template
gov_central_group_2207010004,2207010004,,T�tulos-valores de la deuda p�blica interna a pagar a  largo plazo,l10n_do_gov.gov_central_chart_template
gov_central_group_2207010005,2207010005,,T�tulos-valores de la deuda p�blica externa a pagar a largo plazo,l10n_do_gov.gov_central_chart_template
gov_central_group_220702,220702,,TITULOS Y VALORES INDIRECTOS A PAGAR A LARGO PLAZO,l10n_do_gov.gov_central_chart_template
gov_central_group_2208,2208,,FONDOS A  RENDIR A LARGO PLAZO,l10n_do_gov.gov_central_chart_template
gov_central_group_220801,220801,,FONDOS REPONIBLES A RENDIR A LARGO PLAZO,l10n_do_gov.gov_central_chart_template
gov_central_group_220898,220898,,OTROS ANTICIPOS A LARGO PLAZO,l10n_do_gov.gov_central_chart_template
gov_central_group_2209,2209,,FONDOS DE TERCEROS A PAGAR A LARGO PLAZO,l10n_do_gov.gov_central_chart_template
gov_central_group_220901,220901,,FONDOS EN GARANTIA A PAGAR A LARGO PLAZO,l10n_do_gov.gov_central_chart_template
gov_central_group_220902,220902,,FONDOS EN CONSIGNACION A PAGAR A LARGO PLAZO,l10n_do_gov.gov_central_chart_template
gov_central_group_220903,220903,,FONDOS POR RECLAMACIONES A PAGAR A LARGO PLAZO,l10n_do_gov.gov_central_chart_template
gov_central_group_220998,220998,,OTROS FONDOS DE TERCEROS A PAGAR A LARGO PLAZO,l10n_do_gov.gov_central_chart_template
gov_central_group_2210,2210,,PASIVO DIFERIDO A PAGAR LARGO PLAZO,l10n_do_gov.gov_central_chart_template
gov_central_group_2298,2298,,OTROS PASIVOS NO CORRIENTES,l10n_do_gov.gov_central_chart_template
gov_central_group_229801,229801,,PROVISION PARA PAGO DE PRESTACIONES LABORALES,l10n_do_gov.gov_central_chart_template
gov_central_group_229802,229802,,PROVISION PARA PAGO DE LA DEUDA PUBLICA,l10n_do_gov.gov_central_chart_template
gov_central_group_2299,2299,,PREVISIONES Y RESERVAS  TECNICAS A LARGO PLAZO,l10n_do_gov.gov_central_chart_template
gov_central_group_3,3,,PATRIMONIO,l10n_do_gov.gov_central_chart_template
gov_central_group_31,31,,PATRIMONIO PUBLICO DOMINICANO,l10n_do_gov.gov_central_chart_template
gov_central_group_3101,3101,,CAPITAL FISCAL,l10n_do_gov.gov_central_chart_template
gov_central_group_310101,310101,,AJUSTE AL PATRIMONIO INICIAL,l10n_do_gov.gov_central_chart_template
gov_central_group_3102,3102,,TRANSFERENCIAS Y DONACIONES DE CAPITAL  RECIBIDAS,l10n_do_gov.gov_central_chart_template
gov_central_group_310201,310201,,TRANSFERENCIAS DE CAPITAL RECIBIDAS,l10n_do_gov.gov_central_chart_template
gov_central_group_310202,310202,,DONACIONES DE CAPITAL RECIBIDAS,l10n_do_gov.gov_central_chart_template
gov_central_group_3103,3103,,RESULTADOS DE LA CUENTA CORRIENTE,l10n_do_gov.gov_central_chart_template
gov_central_group_310301,310301,,RESULTADOS ACUMULADOS,l10n_do_gov.gov_central_chart_template
gov_central_group_310302,310302,,RESULTADOS AFECTADOS A CONTRIBUCIONES DE DOMINIO PUBLICO,l10n_do_gov.gov_central_chart_template
gov_central_group_310303,310303,,SUPERAVIT POR REVALORIZACI�N,l10n_do_gov.gov_central_chart_template
gov_central_group_3104,3104,,TRANSFERENCIAS Y DONACIONES DE CAPITAL REALIZADAS,l10n_do_gov.gov_central_chart_template
gov_central_group_310401,310401,,TRANSFERENCIAS  DE CAPITAL REALIZADAS AL SECTOR PRIVADO,l10n_do_gov.gov_central_chart_template
gov_central_group_310402,310402,,TRANSFERENCIAS DE CAPITAL REALIZADAS AL SECTOR PUBLICO,l10n_do_gov.gov_central_chart_template
gov_central_group_3104020998,3104020998,,APORTES DE CAPITAL AL SECTOR PUBLICO FINANCIERO Y NO FINANCIERO POR CLASIFICAR,l10n_do_gov.gov_central_chart_template
gov_central_group_310403,310403,,DONACIONES DE CAPITAL REALIZADAS,l10n_do_gov.gov_central_chart_template
gov_central_group_32,32,,PATRIMONIO INSTITUCIONAL,l10n_do_gov.gov_central_chart_template
gov_central_group_3201,3201,,CAPITAL INSTITUCIONAL,l10n_do_gov.gov_central_chart_template
gov_central_group_3202,3202,,TRANSFERENCIAS Y CONTRIBUCIONES DE CAPITAL RECIBIDAS,l10n_do_gov.gov_central_chart_template
gov_central_group_320201,320201,,TRANSFERENCIAS DE CAPITAL RECIBIDAS,l10n_do_gov.gov_central_chart_template
gov_central_group_320202,320202,,CONTRIBUCIONES DE CAPITAL RECIBIDAS,l10n_do_gov.gov_central_chart_template
gov_central_group_3203,3203,,RESULTADO DE LA CUENTA CORRIENTE,l10n_do_gov.gov_central_chart_template
gov_central_group_320301,320301,,RESULTADO DE EJERCICIOS ANTERIORES,l10n_do_gov.gov_central_chart_template
gov_central_group_320302,320302,,RESULTADO DEL EJERCICIO,l10n_do_gov.gov_central_chart_template
gov_central_group_3204,3204,,TRANSFERENCIAS Y DONACIONES DE CAPITAL REALIZADAS,l10n_do_gov.gov_central_chart_template
gov_central_group_320401,320401,,TRANSFERENCIAS  DE CAPITAL REALIZADAS AL SECTOR PRIVADO,l10n_do_gov.gov_central_chart_template
gov_central_group_320402,320402,,TRANSFERENCIAS DE CAPITAL REALIZADAS AL SECTOR PUBLICO,l10n_do_gov.gov_central_chart_template
gov_central_group_320403,320403,,CONTRIBUCIONES DE CAPITAL REALIZADAS,l10n_do_gov.gov_central_chart_template
gov_central_group_39,39,,PATRIMONIO PUBLICO,l10n_do_gov.gov_central_chart_template
gov_central_group_4,4,,INGRESOS,l10n_do_gov.gov_central_chart_template
gov_central_group_41,41,,INGRESOS CORRIENTES,l10n_do_gov.gov_central_chart_template
gov_central_group_4101,4101,,INGRESOS TRIBUTARIOS,l10n_do_gov.gov_central_chart_template
gov_central_group_410101,410101,,IMPUESTOS SOBRE LOS INGRESOS,l10n_do_gov.gov_central_chart_template
gov_central_group_4101010001,4101010001,,IMPUESTOS SOBRE LOS INGRESOS DE LAS PERSONAS,l10n_do_gov.gov_central_chart_template
gov_central_group_4101010002,4101010002,,IMPUESTOS SOBRE LOS INGRESOS DE LAS EMPRESAS,l10n_do_gov.gov_central_chart_template
gov_central_group_4101010998,4101010998,,OTROS IMPUESTOS SOBRE LOS INGRESOS,l10n_do_gov.gov_central_chart_template
gov_central_group_410102,410102,,IMPUESTOS SOBRE EL PATRIMONIO,l10n_do_gov.gov_central_chart_template
gov_central_group_4101020001,4101020001,,IMPUESTO SOBRE LA TENENCIA DE PATRIMONIO,l10n_do_gov.gov_central_chart_template
gov_central_group_4101020002,4101020002,,IMPUESTO SOBRE LAS TRANSFERENCIAS PATRIMONIALES,l10n_do_gov.gov_central_chart_template
gov_central_group_410103,410103,,IMPUESTOS SOBRE MERCANCIAS Y SERVICIOS,l10n_do_gov.gov_central_chart_template
gov_central_group_4101030002,4101030002,,IMPUESTOS INTERNOS SOBRE MERCANCIAS,l10n_do_gov.gov_central_chart_template
gov_central_group_4101030003,4101030003,,IMPUESTOS INTERNOS SOBRE LOS SERVICIOS,l10n_do_gov.gov_central_chart_template
gov_central_group_4101030004,4101030004,,IMPUESTO SOBRE EL USO DE BIENES Y SERVICIOS,l10n_do_gov.gov_central_chart_template
gov_central_group_4101030998,4101030998,,OTROS IMPUESTOS SOBRE MERCANCIAS Y SERVICIOS,l10n_do_gov.gov_central_chart_template
gov_central_group_410104,410104,,IMPUESTOS SOBRE EL COMERCIO EXTERIOR,l10n_do_gov.gov_central_chart_template
gov_central_group_4101040001,4101040001,,IMPUESTOS SOBRE LAS IMPORTACIONES,l10n_do_gov.gov_central_chart_template
gov_central_group_4101040002,4101040002,,IMPUESTOS SOBRE LAS EXPORTACIONES,l10n_do_gov.gov_central_chart_template
gov_central_group_4101040998,4101040998,,OTROS IMPUESTOS SOBRE EL COMERCIO EXTERIOR,l10n_do_gov.gov_central_chart_template
gov_central_group_410105,410105,,IMPUESTOS SOBRE LA N�MINA Y LA FUERZA DE TRABAJO,l10n_do_gov.gov_central_chart_template
gov_central_group_410106,410106,,IMPUESTOS ECOL�GICOS,l10n_do_gov.gov_central_chart_template
gov_central_group_410198,410198,,OTROS INGRESOS TRIBUTARIOS,l10n_do_gov.gov_central_chart_template
gov_central_group_4101980001,4101980001,,IMPUESTOS DIVERSOS,l10n_do_gov.gov_central_chart_template
gov_central_group_4102,4102,,INGRESOS NO TRIBUTARIOS,l10n_do_gov.gov_central_chart_template
gov_central_group_410201,410201,,CONTRIBUCIONES SOCIALES,l10n_do_gov.gov_central_chart_template
gov_central_group_4102010001,4102010001,,CONTRIBUCION PATRONAL A LA SALUD Y RIESGO LABORAL,l10n_do_gov.gov_central_chart_template
gov_central_group_4102010002,4102010002,,CONTRIBUCION DE EMPLEADOS A LA SALUD Y RIESGO LABORAL,l10n_do_gov.gov_central_chart_template
gov_central_group_4102010003,4102010003,,CONTRIBUCION PATRONAL AL SEGURO DE PENSIONES,l10n_do_gov.gov_central_chart_template
gov_central_group_4102010004,4102010004,,CONTRIBUCIONES  DE EMPLEADOS  AL SEGURO DE PENSIONES,l10n_do_gov.gov_central_chart_template
gov_central_group_4102010099,4102010099,,OTRAS CONTRIBUCIONES SOCIALES,l10n_do_gov.gov_central_chart_template
gov_central_group_410202,410202,,VENTAS DE LAS ADMINISTRACIONES PUBLICAS,l10n_do_gov.gov_central_chart_template
gov_central_group_4102020001,4102020001,,VENTAS DE MERCANCIAS DEL GOBIERNO GENERAL,l10n_do_gov.gov_central_chart_template
gov_central_group_4102020002,4102020002,,VENTAS DE SERVICIOS DEL GOBIERNO GENERAL,l10n_do_gov.gov_central_chart_template
gov_central_group_410203,410203,,RENTAS DE LA PROPIEDAD,l10n_do_gov.gov_central_chart_template
gov_central_group_4102030001,4102030001,,INGRESOS POR DIVIDENDOS DE INVERSIONES EMPRESARIALES,l10n_do_gov.gov_central_chart_template
gov_central_group_4102030002,4102030002,,INGRESOS POR INTERESES,l10n_do_gov.gov_central_chart_template
gov_central_group_4102030005,4102030005,,INGRESOS  POR CONCESIONES,l10n_do_gov.gov_central_chart_template
gov_central_group_4102030007,4102030007,,INGRESOS POR ARRENDAMIENTO DE ACTIVOS,l10n_do_gov.gov_central_chart_template
gov_central_group_4102030008,4102030008,,INGRESOS POR TENENCIA DE ACTIVOS FINANCIEROS,l10n_do_gov.gov_central_chart_template
gov_central_group_410204,410204,,INGRESOS POR TASAS,l10n_do_gov.gov_central_chart_template
gov_central_group_410205,410205,,INGRESOS POR DERECHOS ADMINISTRATIVOS,l10n_do_gov.gov_central_chart_template
gov_central_group_410206,410206,,INGRESOS POR ARRENDAMIENTOS,l10n_do_gov.gov_central_chart_template
gov_central_group_410207,410207,,INGRESOS DE EXPLOTACION,l10n_do_gov.gov_central_chart_template
gov_central_group_4102070001,4102070001,,VENTAS DE BIENES POR ESTABLECIMIENTO DE MERCADO,l10n_do_gov.gov_central_chart_template
gov_central_group_4102070002,4102070002,,VENTAS DE SERVICIOS POR ESTABLECIMIENTO DE MERCADO,l10n_do_gov.gov_central_chart_template
gov_central_group_410298,410298,,OTROS INGRESOS NO TRIBUTARIOS,l10n_do_gov.gov_central_chart_template
gov_central_group_4102980001,4102980001,,INGRESOS POR RECARGOS,l10n_do_gov.gov_central_chart_template
gov_central_group_4102980002,4102980002,,INGRESOS POR MULTAS,l10n_do_gov.gov_central_chart_template
gov_central_group_4102980998,4102980998,,OTROS INGRESOS,l10n_do_gov.gov_central_chart_template
gov_central_group_4102980999,4102980999,,INGRESOS DIVERSOS,l10n_do_gov.gov_central_chart_template
gov_central_group_4103,4103,,INGRESOS DE OPERACIONES,l10n_do_gov.gov_central_chart_template
gov_central_group_410301,410301,,VENTAS DE LAS EMPRESAS PUBLICAS,l10n_do_gov.gov_central_chart_template
gov_central_group_4104,4104,,TRANSFERENCIAS RECIBIDAS,l10n_do_gov.gov_central_chart_template
gov_central_group_410401,410401,,TRANSFERENCIAS CORRIENTES,l10n_do_gov.gov_central_chart_template
gov_central_group_4104010001,4104010001,,TRANSFERENCIAS CORRIENTES DEL SECTOR PRIVADO INTERNO,l10n_do_gov.gov_central_chart_template
gov_central_group_4104010002,4104010002,,TRANSFERENCIAS CORRIENTES DE LA ADMINISTRACION CENTRAL,l10n_do_gov.gov_central_chart_template
gov_central_group_4104010003,4104010003,,TRANSFERENCIAS CORRIENTES DE INSTITUCIONES PUBLICAS DESC. Y AUTONOMAS,l10n_do_gov.gov_central_chart_template
gov_central_group_4104010004,4104010004,,TRANSFERENCIAS CORRIENTES DE INSTITUCIONES DE LA SEGURIDAD SOCIAL,l10n_do_gov.gov_central_chart_template
gov_central_group_4104010005,4104010005,,TRANSFERENCIAS CORRIENTES DE MUNICIPIOS,l10n_do_gov.gov_central_chart_template
gov_central_group_41040100050001,41040100050001,,TRANSFERENCIAS CORRIENTES DE LOS GOBIERNOS CENTRALES MUNICIPALES,l10n_do_gov.gov_central_chart_template
gov_central_group_41040100050002,41040100050002,,TRANSFERENCIAS CORRIENTES DE INSTITUCIONES DESCENTRALIZADAS  MUNICIPALES,l10n_do_gov.gov_central_chart_template
gov_central_group_4104010006,4104010006,,TRANSFERENCIAS CORRIENTES DE EMPRESAS PUBLICAS NO FINANCIERAS,l10n_do_gov.gov_central_chart_template
gov_central_group_4104010007,4104010007,,TRANSFERENCIAS CORRIENTES DE INSTITUCIONES PUBLICAS FINANCIERAS,l10n_do_gov.gov_central_chart_template
gov_central_group_4104010998,4104010998,,OTRAS TRANSFERENCIAS CORRIENTES,l10n_do_gov.gov_central_chart_template
gov_central_group_410402,410402,,TRANSFERENCIAS DE CAPITAL,l10n_do_gov.gov_central_chart_template
gov_central_group_4104020001,4104020001,,TRANSFERENCIAS DE CAPITAL DEL SECTOR PRIVADO INTERNO,l10n_do_gov.gov_central_chart_template
gov_central_group_4104020002,4104020002,,TRANSFERENCIAS DE CAPITAL DE LA ADMINISTRACION CENTRAL,l10n_do_gov.gov_central_chart_template
gov_central_group_4104020003,4104020003,,TRANSFERENCIAS DE CAPITAL DE INSTITUCIONES PUBLICAS DESC. Y  AUTONOMAS,l10n_do_gov.gov_central_chart_template
gov_central_group_4104020004,4104020004,,TRANSFERENCIAS DE CAPITAL DE INSTITUCIONES DE LA SEGURIDAD SOCIAL,l10n_do_gov.gov_central_chart_template
gov_central_group_4104020005,4104020005,,TRANSFERENCIAS DE CAPITAL DE LOS MUNICIPIOS,l10n_do_gov.gov_central_chart_template
gov_central_group_41040200050010,41040200050010,,TRANSFERENCIAS DE CAPITAL  DE LOS GOBIERNOS CENTRALES MUNICIPALES,l10n_do_gov.gov_central_chart_template
gov_central_group_41040200050011,41040200050011,,TRANSFERENCIAS DE CAPITAL DE INSTITUCIONES DESCENTRALIZADAS MUNICIPALES,l10n_do_gov.gov_central_chart_template
gov_central_group_4104020006,4104020006,,TRANSFERENCIAS DE CAPITAL DE EMPRESAS PUBLICAS NO FINANCIERAS,l10n_do_gov.gov_central_chart_template
gov_central_group_4104020007,4104020007,,TRANSFERENCIAS DE CAPITAL DE INSTITUCIONES PUBLICAS FINANCIERAS,l10n_do_gov.gov_central_chart_template
gov_central_group_4105,4105,,DONACIONES RECIBIDAS,l10n_do_gov.gov_central_chart_template
gov_central_group_410501,410501,,DONACIONES CORRIENTES,l10n_do_gov.gov_central_chart_template
gov_central_group_4105010001,4105010001,,DONACIONES CORRIENTES DE GOBIERNOS EXTRANJEROS,l10n_do_gov.gov_central_chart_template
gov_central_group_4105010002,4105010002,,DONACIONES CORRIENTES DE ORGANISMOS INTERNACIONALES,l10n_do_gov.gov_central_chart_template
gov_central_group_4105010003,4105010003,,DONACIONES CORRIENTES DEL SECTOR PRIVADO EXTERNO,l10n_do_gov.gov_central_chart_template
gov_central_group_410502,410502,,DONACIONES DE CAPITAL,l10n_do_gov.gov_central_chart_template
gov_central_group_4105020001,4105020001,,DONACIONES DE CAPITAL DE GOBIERNOS EXTRANJEROS,l10n_do_gov.gov_central_chart_template
gov_central_group_4105020002,4105020002,,DONACIONES DE CAPITAL DE ORGANISMOS INTERNACIONALES,l10n_do_gov.gov_central_chart_template
gov_central_group_4105020003,4105020003,,DONACIONES DE CAPITAL DEL SECTOR PRIVADO EXTERNO,l10n_do_gov.gov_central_chart_template
gov_central_group_4105020004,4105020004,,DONACIONES DE CAPITAL DEL SECTOR PRIVADO INTERNO,l10n_do_gov.gov_central_chart_template
gov_central_group_4106,4106,,INGRESOS PROVENIENTES DE OPERACIONES FINANCIERAS,l10n_do_gov.gov_central_chart_template
gov_central_group_410601,410601,,RENTAS POR DIFERENCIAS CAMBIARIAS,l10n_do_gov.gov_central_chart_template
gov_central_group_4111,4111,,INGRESOS A  ESPECIFICAR,l10n_do_gov.gov_central_chart_template
gov_central_group_411101,411101,,INGRESOS A ESPECIFICAR DEL TESORO,l10n_do_gov.gov_central_chart_template
gov_central_group_411102,411102,,INGRESOS PENDIENTES POR GENERAR,l10n_do_gov.gov_central_chart_template
gov_central_group_4112,4112,,AJUSTES POR RECAUDACIONES INDEBIDAS,l10n_do_gov.gov_central_chart_template
gov_central_group_4113,4113,,INGRESOS POR CONDONACION DE DEUDA,l10n_do_gov.gov_central_chart_template
gov_central_group_411301,411301,,INGRESOS POR CONDONACION DE DEUDA EXTERNA,l10n_do_gov.gov_central_chart_template
gov_central_group_411302,411302,,INGRESOS POR CONDONACION DE DEUDA INTERNA,l10n_do_gov.gov_central_chart_template
gov_central_group_5,5,,GASTOS,l10n_do_gov.gov_central_chart_template
gov_central_group_51,51,,GASTOS CORRIENTES,l10n_do_gov.gov_central_chart_template
gov_central_group_5101,5101,,GASTOS DE CONSUMO,l10n_do_gov.gov_central_chart_template
gov_central_group_510101,510101,,REMUNERACIONES,l10n_do_gov.gov_central_chart_template
gov_central_group_5101010001,5101010001,,SUELDOS PARA CARGOS FIJOS,l10n_do_gov.gov_central_chart_template
gov_central_group_51010100010001,51010100010001,,SUELDOS FIJOS,l10n_do_gov.gov_central_chart_template
gov_central_group_51010100010002,51010100010002,,SUELDOS FIJOS PERSONAL EN TRAMITES DE PENSION,l10n_do_gov.gov_central_chart_template
gov_central_group_5101010002,5101010002,,SUELDOS PERSONAL TEMPORERO,l10n_do_gov.gov_central_chart_template
gov_central_group_5101010003,5101010003,,COMPENSACIONES DIRECTAS AL PERSONAL,l10n_do_gov.gov_central_chart_template
gov_central_group_51010100030002,51010100030002,,COMPENSACIONES,l10n_do_gov.gov_central_chart_template
gov_central_group_51010100030004,51010100030004,,JORNALES,l10n_do_gov.gov_central_chart_template
gov_central_group_5101010004,5101010004,,JORNALES,l10n_do_gov.gov_central_chart_template
gov_central_group_5101010006,5101010006,,DIETAS Y GASTOS DE REPRESENTACION,l10n_do_gov.gov_central_chart_template
gov_central_group_51010100060001,51010100060001,,DIETAS EN EL PAIS,l10n_do_gov.gov_central_chart_template
gov_central_group_51010100060002,51010100060002,,GASTOS DE REPRESENTACION,l10n_do_gov.gov_central_chart_template
gov_central_group_5101010007,5101010007,,PRESTACIONES Y BONIFICACIONES,l10n_do_gov.gov_central_chart_template
gov_central_group_51010100070002,51010100070002,,BONIFICACIONES Y GRATIFICACIONES,l10n_do_gov.gov_central_chart_template
gov_central_group_51010100070003,51010100070003,,PRESTACIONES LABORALES,l10n_do_gov.gov_central_chart_template
gov_central_group_51010100070004,51010100070004,,VACACIONES,l10n_do_gov.gov_central_chart_template
gov_central_group_5101010008,5101010008,,CONTRIBUCIONES A LA SEGURIDAD SOCIAL,l10n_do_gov.gov_central_chart_template
gov_central_group_510102,510102,,BIENES Y SERVICIOS,l10n_do_gov.gov_central_chart_template
gov_central_group_5101020001,5101020001,,SERVICIOS NO PERSONALES,l10n_do_gov.gov_central_chart_template
gov_central_group_51010200010001,51010200010001,,SERVICIOS DE COMUNICACIONES,l10n_do_gov.gov_central_chart_template
gov_central_group_51010200010002,51010200010002,,SERVICIOS BASICOS,l10n_do_gov.gov_central_chart_template
gov_central_group_51010200010003,51010200010003,,"PUBLICIDAD, IMPRESIONES Y ENCUADERNACIONES",l10n_do_gov.gov_central_chart_template
gov_central_group_51010200010004,51010200010004,,VIATICOS DENTRO Y FUERA DEL PAIS,l10n_do_gov.gov_central_chart_template
gov_central_group_51010200010005,51010200010005,,TRANSPORTE Y ALMACENAJE,l10n_do_gov.gov_central_chart_template
gov_central_group_51010200010006,51010200010006,,ALQUILERES,l10n_do_gov.gov_central_chart_template
gov_central_group_51010200010007,51010200010007,,SEGUROS,l10n_do_gov.gov_central_chart_template
gov_central_group_51010200010008,51010200010008,,"CONSERVACION, REPARACIONES MENORES Y CONSTRUCCIONES TEMPORALES",l10n_do_gov.gov_central_chart_template
gov_central_group_51010200010009,51010200010009,,SERVICIOS DE MANTENIMIENTO Y REPARACION DE BIENES,l10n_do_gov.gov_central_chart_template
gov_central_group_51010200010999,51010200010999,,OTROS SERVICIOS NO PERSONALES,l10n_do_gov.gov_central_chart_template
gov_central_group_5101020002,5101020002,,MATERIALES Y SUMINISTROS,l10n_do_gov.gov_central_chart_template
gov_central_group_51010200020001,51010200020001,,ALIMENTOS Y PRODUCTOS AGROFORESTALES,l10n_do_gov.gov_central_chart_template
gov_central_group_51010200020002,51010200020002,,TEXTILES Y VESTUARIOS,l10n_do_gov.gov_central_chart_template
gov_central_group_51010200020003,51010200020003,,"PRODUCTOS DE PAPEL, CARTON E IMPRESOS",l10n_do_gov.gov_central_chart_template
gov_central_group_51010200020004,51010200020004,,"COMBUSTIBLES, LUBRICANTES, PRODUCTOS QUIMICOS Y CONEXOS",l10n_do_gov.gov_central_chart_template
gov_central_group_51010200020005,51010200020005,,"PRODUCTOS DE CUERO, CAUCHO Y PLASTICO",l10n_do_gov.gov_central_chart_template
gov_central_group_51010200020006,51010200020006,,PRODUCTOS  DE MINERALES  METALICOS Y NO METALICOS,l10n_do_gov.gov_central_chart_template
gov_central_group_51010200020007,51010200020007,,PRODUCTOS Y UTILES VARIOS,l10n_do_gov.gov_central_chart_template
gov_central_group_510104,510104,,GASTOS POR  CUENTAS INCOBRABLES,l10n_do_gov.gov_central_chart_template
gov_central_group_510199,510199,,DEPRECIACIONES Y PREVISIONES,l10n_do_gov.gov_central_chart_template
gov_central_group_5102,5102,,GASTOS FINANCIEROS,l10n_do_gov.gov_central_chart_template
gov_central_group_510201,510201,,INTERESES DE LA DEUDA INTERNA,l10n_do_gov.gov_central_chart_template
gov_central_group_5102010001,5102010001,,INTERESES DE LA DEUDA PUBLICA  INTERNA DIRECTA,l10n_do_gov.gov_central_chart_template
gov_central_group_510202,510202,,INTERESES DE LA DEUDA EXTERNA,l10n_do_gov.gov_central_chart_template
gov_central_group_5102020001,5102020001,,INTERESES DE LA DEUDA EXTERNA DIRECTA,l10n_do_gov.gov_central_chart_template
gov_central_group_510203,510203,,COMISIONES DE LA DEUDA INTERNA,l10n_do_gov.gov_central_chart_template
gov_central_group_510204,510204,,COMISIONES DE LA DEUDA EXTERNA,l10n_do_gov.gov_central_chart_template
gov_central_group_5103,5103,,PERDIDA EN OPERACIONES FINANCIERAS,l10n_do_gov.gov_central_chart_template
gov_central_group_510302,510302,,PERDIDA EN INSTRUMENTOS DE DEUDA,l10n_do_gov.gov_central_chart_template
gov_central_group_5104,5104,,TRANSFERENCIAS Y DONACIONES  CORRIENTES,l10n_do_gov.gov_central_chart_template
gov_central_group_510401,510401,,TRANSFERENCIAS CORRIENTES,l10n_do_gov.gov_central_chart_template
gov_central_group_5104010001,5104010001,,PRESTACIONES DE LA SEGURIDAD SOCIAL,l10n_do_gov.gov_central_chart_template
gov_central_group_51040100010001,51040100010001,,PENSIONES Y JUBILACIONES,l10n_do_gov.gov_central_chart_template
gov_central_group_5104010002,5104010002,,TRANSFERENCIAS  AL SECTOR PRIVADO,l10n_do_gov.gov_central_chart_template
gov_central_group_5104010003,5104010003,,TRANSFERENCIAS AL SECTOR PUBLICO,l10n_do_gov.gov_central_chart_template
gov_central_group_51040100030001,51040100030001,,TRANSFERENCIAS A INSTITUCIONES DEL GOBIERNO CENTRAL,l10n_do_gov.gov_central_chart_template
gov_central_group_51040100030002,51040100030002,,TRANSFERENCIAS CORRIENTES A INSTITUCIONES DESCENTRALIZADAS Y AUT�NOMAS NO FINANCIERAS,l10n_do_gov.gov_central_chart_template
gov_central_group_51040100030003,51040100030003,,TRANSFERENCIAS CORRIENTES A INSTITUCIONES P�BLICAS DE LA SEGURIDAD SOCIAL,l10n_do_gov.gov_central_chart_template
gov_central_group_51040100030004,51040100030004,,TRANSFERENCIAS CORRIENTES A GOBIERNOS CENTRALES MUNICIPALES,l10n_do_gov.gov_central_chart_template
gov_central_group_51040100030005,51040100030005,,TRANSFERENCIAS CORRIENTES A INSTITUCIONES DESCENTRALIZADAS MUNICIPALES,l10n_do_gov.gov_central_chart_template
gov_central_group_51040100030006,51040100030006,,TRANSFERENCIAS CORRIENTES A EMPRESAS P�BLICAS NO FINANCIERAS NACIONALES,l10n_do_gov.gov_central_chart_template
gov_central_group_51040100030007,51040100030007,,TRANSFERENCIAS CORRIENTES A EMPRESAS P�BLICAS NO FINANCIERAS MUNICIPALES,l10n_do_gov.gov_central_chart_template
gov_central_group_51040100030008,51040100030008,,TRANSFERENCIAS CORRIENTES A INSTITUCIONES P�BLICAS FINANCIERAS NO MONETARIAS,l10n_do_gov.gov_central_chart_template
gov_central_group_51040100030009,51040100030009,,TRANSFERENCIAS CORRIENTES A INSTITUCIONES P�BLICAS FINANCIERAS MONETARIAS,l10n_do_gov.gov_central_chart_template
gov_central_group_51040100030010,51040100030010,,TRANSFERENCIAS CORRIENTES A OTRAS INSTITUCIONES P�BLICAS,l10n_do_gov.gov_central_chart_template
gov_central_group_5104010004,5104010004,,TRANSFERENCIAS AL SECTOR EXTERNO,l10n_do_gov.gov_central_chart_template
gov_central_group_510402,510402,,DONACIONES CORRIENTES,l10n_do_gov.gov_central_chart_template
gov_central_group_5105,5105,,OTROS GASTOS CORRIENTES,l10n_do_gov.gov_central_chart_template
gov_central_group_510501,510501,,OTROS GASTOS INSTITUCIONALES,l10n_do_gov.gov_central_chart_template
gov_central_group_5106,5106,,TRANSFERENCIAS DE CAPITAL,l10n_do_gov.gov_central_chart_template
gov_central_group_510601,510601,,TRANSFERENCIAS  DE CAPITAL AL SECTOR PRIVADO,l10n_do_gov.gov_central_chart_template
gov_central_group_5106010001,5106010001,,TRANSFERENCIAS DE CAPITAL A EMPRESAS DEL SECTOR PRIVADO,l10n_do_gov.gov_central_chart_template
gov_central_group_5106010002,5106010002,,TRANSFERENCIAS DE CAPITAL A INSTITUCIONES PRIVADAS SIN FINES DE LUCRO,l10n_do_gov.gov_central_chart_template
gov_central_group_510602,510602,,TRANSFERENCIAS DE CAPITAL AL SECTOR PUBLICO,l10n_do_gov.gov_central_chart_template
gov_central_group_5106020001,5106020001,,TRANSFERENCIAS DE CAPITAL A LA ADMINISTRACION CENTRAL,l10n_do_gov.gov_central_chart_template
gov_central_group_5106020002,5106020002,,TRANSFERENCIAS DE CAPITAL A INSTUTICIONES PUBLICAS DESCENTRALIZADAS Y AUTONOMAS,l10n_do_gov.gov_central_chart_template
gov_central_group_5106020003,5106020003,,TRANSFERENCIAS DE CAPITAL A INSTITUCIONES DE LA SEGURIDAD SOCIAL,l10n_do_gov.gov_central_chart_template
gov_central_group_5106020004,5106020004,,TRANSFERENCIAS DE CAPITAL A MUNICIPIOS,l10n_do_gov.gov_central_chart_template
gov_central_group_5106020005,5106020005,,TRANSFERENCIAS DE CAPITAL A EMPRESAS PUBLICAS NO FINANCIERAS,l10n_do_gov.gov_central_chart_template
gov_central_group_5106020006,5106020006,,TRANSFERENCIAS DE CAPITAL A INSTITUCIONES PUBLICAS FINANCIERAS,l10n_do_gov.gov_central_chart_template
gov_central_group_5106020007,5106020007,,TRANSFERENCIAS DE CAPITAL A OTRAS INSTITUCIONES PUBLICAS,l10n_do_gov.gov_central_chart_template
gov_central_group_5106020008,5106020008,,INSTITUCIONES DESCENTRALIZADAS DE GOBIERNOS LOCALES,l10n_do_gov.gov_central_chart_template
gov_central_group_5106020009,5106020009,,INSTITUCIONES PUBLICAS FINANCIERAS NO MONETARIAS,l10n_do_gov.gov_central_chart_template
gov_central_group_510603,510603,,TRANSFERENCIAS DE CAPITAL AL SECTOR EXTERNO,l10n_do_gov.gov_central_chart_template
gov_central_group_510699,510699,,OTRAS TRANSFERENCIAS REALIZADAS,l10n_do_gov.gov_central_chart_template
gov_central_group_6,6,,CUENTAS DE CIERRE,l10n_do_gov.gov_central_chart_template
gov_central_group_61,61,,CUENTA DE RESULTADO,l10n_do_gov.gov_central_chart_template
gov_central_group_6101,6101,,RESUMEN DE INGRESOS Y GASTOS,l10n_do_gov.gov_central_chart_template
gov_central_group_610101,610101,,RESUMEN DE INGRESOS Y GASTOS,l10n_do_gov.gov_central_chart_template
gov_central_group_62,62,,RESULTADO POSITIVO DEL PERIODO,l10n_do_gov.gov_central_chart_template
gov_central_group_6201,6201,,AHORRO DE LA GESTION,l10n_do_gov.gov_central_chart_template
gov_central_group_620101,620101,,AHORRO DE LA GESTION,l10n_do_gov.gov_central_chart_template
gov_central_group_63,63,,RESULTADO NEGATIVO DEL PERIODO,l10n_do_gov.gov_central_chart_template
gov_central_group_6301,6301,,DESAHORRO DE LA GESTION,l10n_do_gov.gov_central_chart_template
gov_central_group_630101,630101,,DESAHORRO DE LA GESTION,l10n_do_gov.gov_central_chart_template
gov_central_group_7,7,,CUENTAS DE ORDEN,l10n_do_gov.gov_central_chart_template
gov_central_group_71,71,,CUENTAS DE ORDEN DEUDORAS,l10n_do_gov.gov_central_chart_template
gov_central_group_7101,7101,,CUENTAS DE ORDEN DEUDORAS DE ACTIVOS,l10n_do_gov.gov_central_chart_template
gov_central_group_710101,710101,,BIENES INMUEBLES,l10n_do_gov.gov_central_chart_template
gov_central_group_710102,710102,,Banco,l10n_do_gov.gov_central_chart_template
gov_central_group_710109,710109,,DEUDA PUBLICA APROBADA,l10n_do_gov.gov_central_chart_template
gov_central_group_7105,7105,,CUENTAS ORDEN  DE GASTOS,l10n_do_gov.gov_central_chart_template
gov_central_group_72,72,,CUENTAS DE ORDEN ACREEDORAS,l10n_do_gov.gov_central_chart_template
gov_central_group_7201,7201,,CUENTAS DE ORDEN ACREEDORAS DE ACTIVOS,l10n_do_gov.gov_central_chart_template
gov_central_group_720101,720101,,BIENES INMUEBLES,l10n_do_gov.gov_central_chart_template
gov_central_group_720102,720102,,BANCO ADMINISTRADOS POR RESPONSABLES,l10n_do_gov.gov_central_chart_template
gov_central_group_7202,7202,,CUENTAS DE ORDEN DE PASIVOS,l10n_do_gov.gov_central_chart_template
gov_central_group_720210,720210,,PRESTAMOS APROBADOS DESEMBOLSADOS,l10n_do_gov.gov_central_chart_template
gov_central_group_7203,7203,,CUENTAS DE ORDEN DE PATRIMONIO,l10n_do_gov.gov_central_chart_template
gov_central_group_7204,7204,,CUENTAS DE ORDEN  DE INGRESOS,l10n_do_gov.gov_central_chart_template